sex,race,age,zip,county,state,outcome
Female,Other,0,16352,42123,PA,8.365300511660148
Female,White,22,16353,42031,PA,8.583937329389759
Female,Black,0,16353,42031,PA,4.244523039801877
Male,White,81,16353,42031,PA,1.4712882684181159
Male,Other,39,16364,42031,PA,12.843046114821163
Female,Other,90,16352,42123,PA,1.8515124672627046
Male,Black,63,16364,42031,PA,9.180959060732675
Female,Black,33,16360,42039,PA,1.3827836201932344
Male,Other,53,16352,42123,PA,4.988420311667394
Female,Other,91,16351,42123,PA,13.368744759156158
Female,White,12,16350,42123,PA,7.259986910385173
Female,Black,45,16360,42039,PA,3.197089548597765
Female,Other,13,16362,42085,PA,11.129634604906197
Male,Other,72,16350,42123,PA,3.0961111866975353
Male,White,51,16360,42039,PA,10.95882308764936
Male,White,16,16352,42123,PA,4.671857516175905
Male,White,30,16354,42039,PA,6.525219479385591
Female,Black,72,16360,42039,PA,14.577215244087709
Female,White,60,16351,42123,PA,2.669997389019383
Female,White,96,16350,42123,PA,-1.7621105542141686
Female,Other,22,16352,42123,PA,13.872137546857436
Female,Black,71,16351,42123,PA,2.46206567751612
Male,White,67,16360,42039,PA,1.2700764223513525
Male,Black,47,16362,42085,PA,5.096728358312332
Female,White,10,16354,42039,PA,8.607344383830455
Female,White,31,16351,42123,PA,14.020596591844317
Female,Black,16,16364,42031,PA,11.279561526390207
Female,Black,12,16364,42031,PA,9.338448015533261
Female,White,15,16361,42031,PA,9.823818379771398
Female,White,66,16362,42085,PA,8.960777347338627
Female,White,14,16350,42123,PA,2.165081963116749
Male,Black,98,16350,42123,PA,9.292644866990186
Male,Black,66,16361,42031,PA,-3.3996777130751252
Male,Black,21,16351,42123,PA,1.3069172126390995
Female,White,62,16353,42031,PA,2.3422147436787633
Male,Other,94,16353,42031,PA,7.390310959144556
Female,Black,69,16350,42123,PA,1.106762003093845
Male,Black,29,16352,42123,PA,-1.9783389667859979
Female,Other,19,16351,42123,PA,11.09801163767134
Male,White,72,16361,42031,PA,3.330962628502795
Female,Black,71,16352,42123,PA,1.8576672185829404
Male,Black,32,16352,42123,PA,-4.453217830371207
Female,Black,67,16354,42039,PA,18.007564982442812
Male,White,98,16352,42123,PA,4.993159569073856
Female,White,61,16353,42031,PA,3.146603939973321
Female,Other,85,16362,42085,PA,10.931786653778905
Male,Other,34,16350,42123,PA,5.934059506190623
Female,Black,76,16354,42039,PA,-0.04379018429023951
Female,Black,99,16353,42031,PA,4.245947547238887
Male,White,66,16347,42053,PA,-0.07282417249919826
Male,Black,22,16362,42085,PA,1.9366356882496891
Male,Other,21,16352,42123,PA,2.382584024435101
Female,Other,76,16354,42039,PA,5.65155687826297
Female,Other,79,16362,42085,PA,1.4837065340160507
Female,Black,74,16353,42031,PA,-8.740622455765948
Female,White,24,16364,42031,PA,6.799621166373004
Female,Other,73,16360,42039,PA,2.0607871354041287
Male,White,34,16351,42123,PA,-8.148549577726865
Female,White,96,16347,42053,PA,3.968459613287842
Female,White,34,16354,42039,PA,11.12400528910315
Male,Other,73,16353,42031,PA,3.760159450037806
Male,White,12,16364,42031,PA,10.201200320270846
Female,Other,77,16364,42031,PA,4.81743703455178
Female,Black,86,16364,42031,PA,0.8191576524647495
Male,Other,41,16354,42039,PA,-0.9981752825945667
Male,Black,83,16354,42039,PA,-1.9853631450376605
Female,White,24,16353,42031,PA,2.2106534861174816
Male,Other,72,16361,42031,PA,6.16001852455361
Male,White,2,16364,42031,PA,5.274382123035199
Male,Other,5,16361,42031,PA,0.12678295241501392
Male,Other,67,16351,42123,PA,7.859992077270874
Female,White,55,16362,42085,PA,-1.2072626179508443
Female,Black,28,16352,42123,PA,-0.6269961698085273
Male,Other,71,16352,42123,PA,3.932727448117503
Male,White,96,16360,42039,PA,10.25093589179211
Male,White,13,16347,42053,PA,0.9785795831377095
Male,Other,3,16351,42123,PA,1.1156422845910359
Female,Other,15,16360,42039,PA,2.7739832489259646
Male,White,67,16350,42123,PA,-4.0163972242944705
Male,Black,53,16361,42031,PA,11.587492525948694
Male,Other,76,16354,42039,PA,5.669768886756829
Male,Black,91,16352,42123,PA,-1.8615641606968754
Male,White,98,16364,42031,PA,-7.085590681433542
Male,White,99,16353,42031,PA,-0.23700679896125632
Male,Black,6,16352,42123,PA,-0.1890052926696122
Male,Other,16,16364,42031,PA,9.974612926637056
Male,White,99,16352,42123,PA,-3.100367893198455
Male,Black,94,16351,42123,PA,0.0334820742946591
Female,Black,80,16360,42039,PA,-1.0555611536253426
Female,Black,100,16361,42031,PA,11.884049846111715
Female,Black,18,16350,42123,PA,7.080307280482346
Male,Black,66,16352,42123,PA,12.416200677044896
Male,White,79,16347,42053,PA,3.7841085397289618
Female,White,75,16354,42039,PA,11.76654327753182
Female,Black,72,16353,42031,PA,-2.670745102206711
Male,White,97,16350,42123,PA,6.390180108291162
Female,White,69,16361,42031,PA,2.7787742307925813
Female,Other,7,16353,42031,PA,-7.0271915328885335
Female,Black,72,16347,42053,PA,11.089331906645233
Female,Black,20,16361,42031,PA,-1.6302716274655893
Male,Other,93,16347,42053,PA,-1.410487058751083
Male,Other,17,16362,42085,PA,2.7088840119460746
Male,Other,68,16362,42085,PA,3.749879503103971
Female,Other,14,16360,42039,PA,0.4704057733537228
Female,Other,38,16351,42123,PA,-2.217944152757764
Female,White,31,16362,42085,PA,0.7486962393092265
Male,White,11,16360,42039,PA,9.61947177565269
Male,White,87,16350,42123,PA,-2.6731530454451504
Male,White,28,16362,42085,PA,9.515284179449079
Female,White,2,16351,42123,PA,4.261497867236328
Male,White,21,16362,42085,PA,9.397091646337966
Male,White,13,16353,42031,PA,0.900957117373701
Female,Black,66,16354,42039,PA,-2.846984246831826
Male,Other,49,16350,42123,PA,-16.479708024167444
Male,Black,26,16352,42123,PA,3.0264606738481366
Female,White,20,16362,42085,PA,0.711184195454563
Female,White,71,16360,42039,PA,1.6723917537995185
Male,Black,29,16350,42123,PA,1.6447048073616681
Female,Other,85,16364,42031,PA,12.91641175932557
Male,White,50,16360,42039,PA,0.636810499690045
Male,Black,3,16362,42085,PA,0.6206543196110919
Male,Black,15,16347,42053,PA,4.521235451006884
Female,Other,10,16364,42031,PA,11.881356228303655
Male,Black,35,16350,42123,PA,-1.0895047934597613
Male,White,32,16347,42053,PA,5.748806437456651
Female,White,54,16351,42123,PA,6.3672373452832405
Male,White,62,16361,42031,PA,-1.838802921435701
Female,Other,23,16350,42123,PA,6.296147094621236
Female,Other,17,16350,42123,PA,11.69159552291284
Male,Black,53,16351,42123,PA,-9.123674549458183
Female,Other,13,16351,42123,PA,8.36160560643059
Female,Other,71,16361,42031,PA,8.438342328763618
Female,Other,81,16362,42085,PA,10.020009833209059
Male,White,25,16352,42123,PA,2.9186135239111883
Male,Other,73,16360,42039,PA,2.3431158360854702
Male,Black,7,16360,42039,PA,7.800737469274864
Male,Other,4,16352,42123,PA,-2.9860485563846275
Male,White,74,16347,42053,PA,2.7234723436788557
Male,Other,71,16364,42031,PA,1.5210659298295197
Male,Black,35,16354,42039,PA,12.447865077002696
Male,Black,99,16353,42031,PA,-6.397642246455616
Male,White,47,16362,42085,PA,7.685942581926988
Male,Black,46,16351,42123,PA,1.320304129146542
Male,Other,26,16364,42031,PA,-8.764123307923366
Male,Other,5,16354,42039,PA,8.205286906837529
Male,Black,82,16350,42123,PA,-0.041437233763003345
Female,Black,8,16352,42123,PA,1.4015287533511285
Female,Black,23,16351,42123,PA,8.039450941331594
Male,Black,17,16347,42053,PA,2.377551174407712
Female,Other,66,16352,42123,PA,6.824046908976754
Female,Black,13,16347,42053,PA,9.29392151211027
Female,White,24,16364,42031,PA,17.407704003766995
Female,White,45,16351,42123,PA,7.525081850224359
Female,White,25,16352,42123,PA,5.749127287076718
Male,Black,23,16352,42123,PA,-1.686164488792404
Female,White,45,16354,42039,PA,1.8603403134196546
Female,Black,69,16364,42031,PA,6.982335705290955
Male,White,43,16360,42039,PA,3.1495545344275753
Male,Black,67,16354,42039,PA,-1.0000663225946194
Female,Black,64,16347,42053,PA,14.477456459075118
Male,Other,43,16364,42031,PA,-0.894955976311258
Female,White,9,16351,42123,PA,6.965296120443002
Male,White,14,16347,42053,PA,1.2381047644300007
Female,Other,99,16362,42085,PA,6.557439516835048
Male,Black,98,16352,42123,PA,6.7973163583675
Female,White,15,16347,42053,PA,-2.568618119932121
Female,Black,88,16364,42031,PA,3.516455183233676
Male,Other,71,16362,42085,PA,6.650960482749596
Female,White,74,16360,42039,PA,17.15450292120036
Male,Black,28,16350,42123,PA,2.41179091493974
Female,Other,17,16364,42031,PA,6.428555933896037
Male,White,63,16351,42123,PA,3.485536181292153
Male,White,99,16364,42031,PA,7.771778964452276
Male,Other,20,16347,42053,PA,6.963727084361184
Female,Black,74,16352,42123,PA,9.044189861546423
Female,Black,8,16354,42039,PA,11.087217598958608
Female,Other,29,16364,42031,PA,0.9231943383676491
Male,White,61,16354,42039,PA,0.8547686735441697
Male,Other,20,16347,42053,PA,2.407323445161282
Female,Black,71,16362,42085,PA,2.7352554816322847
Male,Other,17,16350,42123,PA,-4.090497021577123
Female,Black,30,16353,42031,PA,4.910853778227793
Female,Other,23,16354,42039,PA,6.842146059050962
Male,Other,72,16362,42085,PA,2.8081246840192877
Male,Black,61,16364,42031,PA,-3.4380228252734355
Male,Other,0,16347,42053,PA,0.9403607771397937
Female,White,73,16351,42123,PA,9.72481115898523
Male,Black,54,16360,42039,PA,-0.14119429490472202
Male,Black,97,16353,42031,PA,-3.2377034888150344
Male,Other,16,16360,42039,PA,1.045718092006798
Female,Black,55,16350,42123,PA,5.847247300363152
Male,Other,9,16362,42085,PA,4.7437456458906695
Male,White,14,16364,42031,PA,4.8654987603659325
Female,White,68,16354,42039,PA,5.889885450895501
Female,White,62,16362,42085,PA,19.290507196475737
Female,White,9,16354,42039,PA,0.6393665853374184
Female,Other,91,16353,42031,PA,6.80085961422388
Male,Other,71,16360,42039,PA,-0.3438103533900905
Female,Black,22,16360,42039,PA,8.78041557156768
Female,White,78,16347,42053,PA,5.306384330340567
Female,White,86,16360,42039,PA,6.97500783896284
Female,Black,29,16351,42123,PA,5.314571984333469
Male,Black,6,16350,42123,PA,3.3256173829402886
Female,White,20,16360,42039,PA,-5.6992132493640195
Male,Other,0,16353,42031,PA,-6.403686111046939
Male,Black,56,16352,42123,PA,-0.3263374384977551
Female,Other,18,16353,42031,PA,-1.2719077814237973
Male,Black,76,16361,42031,PA,3.957392222837904
Female,Black,79,16361,42031,PA,13.075672611580499
Female,Other,16,16361,42031,PA,3.141908227357253
Male,Black,22,16352,42123,PA,7.161091349207332
Female,Other,97,16362,42085,PA,14.00524941806604
Male,Black,54,16361,42031,PA,8.20736609162975
Female,Black,10,16353,42031,PA,5.652834139025305
Female,White,71,16350,42123,PA,1.7502890129042665
Male,Other,68,16350,42123,PA,-4.915396292672357
Female,Black,32,16360,42039,PA,7.983463589601672
Female,White,32,16351,42123,PA,11.015578858547588
Female,Other,28,16364,42031,PA,-6.33896696649276
Female,Other,13,16354,42039,PA,2.5099386134258053
Male,Black,74,16360,42039,PA,1.508553926496727
Male,White,80,16354,42039,PA,-3.701110197702354
Female,Black,14,16350,42123,PA,1.4309354434263497
Male,White,71,16352,42123,PA,0.6030509565622286
Male,White,92,16351,42123,PA,11.111805077695651
Male,White,82,16362,42085,PA,9.450344013296448
Male,White,54,16360,42039,PA,3.4862737673337687
Female,Black,25,16353,42031,PA,8.1055671235112
Female,Other,41,16362,42085,PA,5.097658396024504
Male,Other,81,16350,42123,PA,7.220786777996651
Male,Other,64,16350,42123,PA,-0.3351408979513475
Male,Other,75,16354,42039,PA,9.51175831078476
Male,Other,24,16361,42031,PA,-1.2139030507317488
Female,Other,18,16364,42031,PA,1.7086732365044766
Female,White,28,16364,42031,PA,5.999350474231202
Female,Other,87,16361,42031,PA,4.038290375191782
Female,Other,93,16364,42031,PA,9.757953220825371
Female,Black,33,16351,42123,PA,0.2580739292736114
Male,Other,82,16354,42039,PA,-2.191581380477918
Male,Black,48,16364,42031,PA,0.6791060818156431
Male,Other,35,16351,42123,PA,2.5170495221800526
Male,White,48,16360,42039,PA,5.669310480893823
Male,Other,37,16362,42085,PA,13.120348820061656
Female,Black,24,16362,42085,PA,9.984076316115068
Male,Black,26,16360,42039,PA,8.691744413307354
Male,Other,62,16362,42085,PA,-2.8015140564604275
Male,Other,10,16347,42053,PA,-9.712633862482214
Female,Other,34,16360,42039,PA,7.496194033093
Female,Other,42,16364,42031,PA,8.365561370166086
Female,Black,31,16354,42039,PA,5.839680834923885
Female,Black,28,16364,42031,PA,1.818356439112672
Male,Other,33,16351,42123,PA,5.210640272982603
Female,Other,19,16347,42053,PA,11.475915408817048
Female,Black,86,16354,42039,PA,4.561210304151902
Male,Black,82,16347,42053,PA,6.652870574972176
Male,Black,29,16353,42031,PA,-0.32485782137591945
Male,Other,88,16364,42031,PA,3.0741710643516873
Male,Other,31,16362,42085,PA,5.376401353818595
Female,Black,31,16354,42039,PA,3.2890107925150636
Male,Black,93,16364,42031,PA,9.98509955339393
Male,White,8,16362,42085,PA,5.15425085040017
Male,Other,71,16352,42123,PA,-4.053286898212533
Female,Other,9,16350,42123,PA,-1.6585791315163556
Female,Other,73,16361,42031,PA,6.812239188253239
Female,Black,65,16351,42123,PA,12.164136894108674
Male,White,35,16347,42053,PA,3.592130605308299
Male,Other,29,16352,42123,PA,-0.5409970475624615
Male,White,6,16354,42039,PA,-2.077679499959805
Male,Black,65,16354,42039,PA,5.122210319922654
Female,White,39,16347,42053,PA,11.189020405222632
Female,Black,74,16360,42039,PA,6.437434704290077
Male,Other,93,16361,42031,PA,14.147636561528092
Female,White,79,16361,42031,PA,5.495643112681407
Female,Black,62,16347,42053,PA,-4.164266517917947
Female,Other,29,16350,42123,PA,3.581064335334461
Male,Other,19,16353,42031,PA,3.9354760928833725
Male,Black,6,16350,42123,PA,-8.408801861784758
Male,Other,9,16353,42031,PA,7.477536175645422
Male,Black,94,16351,42123,PA,9.75835401219638
Female,Black,19,16353,42031,PA,8.353292283638662
Male,White,74,16350,42123,PA,0.7516535423968599
Male,Black,32,16360,42039,PA,-0.2753450112227207
Male,Black,69,16361,42031,PA,-0.9242308042844951
Male,Other,17,16354,42039,PA,3.9900655587329528
Female,Other,70,16362,42085,PA,-0.381790101010532
Male,Black,76,16350,42123,PA,1.866983906188892
Male,White,81,16360,42039,PA,-1.6641410208670462
Female,Other,47,16364,42031,PA,9.636873729875358
Female,Other,19,16353,42031,PA,1.7876987176794783
Male,White,25,16360,42039,PA,10.714301744603754
Male,Other,73,16347,42053,PA,-1.1507333490649432
Female,White,23,16364,42031,PA,6.340868248622245
Female,White,79,16347,42053,PA,16.214862652206453
Male,Other,17,16352,42123,PA,3.414691649742891
Female,Other,38,16353,42031,PA,-0.4959813868685421
Female,Other,65,16362,42085,PA,12.570560922648912
Female,White,34,16350,42123,PA,6.323419766635676
Female,Black,58,16364,42031,PA,0.3419783972693642
Male,Black,7,16350,42123,PA,7.859262694094731
Male,Black,24,16364,42031,PA,-1.2778375549348828
Female,White,66,16354,42039,PA,3.0457093149498706
Male,Other,25,16361,42031,PA,0.44191583765037157
Male,Black,69,16352,42123,PA,-7.828174909678104
Female,Other,65,16352,42123,PA,5.454242906649236
Male,Black,91,16362,42085,PA,11.96712441421178
Male,Other,80,16354,42039,PA,20.17683041040326
Female,Other,28,16351,42123,PA,10.309301434273301
Male,White,32,16352,42123,PA,0.048615936987412844
Male,Other,73,16347,42053,PA,1.269646438483659
Female,Other,26,16352,42123,PA,7.162913390540014
Male,Black,88,16351,42123,PA,0.4112291521320275
Female,Black,69,16361,42031,PA,-0.5004289586213142
Male,White,98,16347,42053,PA,3.660339070449954
Female,Other,27,16353,42031,PA,13.092286943200872
Female,Black,38,16364,42031,PA,3.938565522639342
Female,White,55,16361,42031,PA,5.781615063717502
Male,Other,50,16360,42039,PA,9.565923203887806
Female,White,79,16364,42031,PA,5.2233202432353005
Female,Black,24,16350,42123,PA,12.695203594970083
Male,White,46,16354,42039,PA,7.421148548631205
Female,Other,8,16362,42085,PA,9.049561227824983
Male,Other,66,16360,42039,PA,6.717628247892277
Female,White,69,16353,42031,PA,3.622973292563818
Male,White,32,16364,42031,PA,6.559665972775347
Female,Black,86,16364,42031,PA,6.046349982346336
Male,White,15,16350,42123,PA,1.6188314742128551
Male,White,32,16354,42039,PA,9.102841820736053
Female,White,16,16362,42085,PA,-0.47002811588868276
Female,Black,49,16361,42031,PA,2.978877716797848
Male,Other,28,16350,42123,PA,-1.1947239132621248
Male,Other,66,16364,42031,PA,3.708830893415546
Male,White,99,16351,42123,PA,4.623305564468167
Female,Black,14,16347,42053,PA,1.1131745994602689
Male,Black,22,16360,42039,PA,-1.9661938098139506
Female,White,18,16361,42031,PA,6.083923826316037
Male,White,27,16364,42031,PA,3.1109693858460337
Female,Other,31,16352,42123,PA,8.204607179955739
Male,White,0,16353,42031,PA,0.5407656517105282
Female,Black,72,16350,42123,PA,-1.8706552959112153
Female,White,57,16353,42031,PA,10.078900241731278
Male,Black,33,16361,42031,PA,7.55055684737386
Male,White,54,16364,42031,PA,3.747284606566428
Male,Other,7,16353,42031,PA,-1.906328988374442
Male,White,37,16354,42039,PA,5.228958697088129
Female,White,5,16361,42031,PA,12.909426319317065
Male,Other,21,16351,42123,PA,7.809006336473859
Male,Black,71,16350,42123,PA,16.796830262653295
Male,Other,90,16352,42123,PA,-2.9993531283611325
Female,White,24,16362,42085,PA,2.0466716057877763
Female,Other,91,16354,42039,PA,10.629420676625912
Female,Black,80,16350,42123,PA,4.269037083425154
Male,Black,65,16353,42031,PA,-1.7139444697240127
Male,Black,34,16362,42085,PA,7.633089190415277
Male,Other,6,16360,42039,PA,5.940521636398021
Male,Other,72,16360,42039,PA,-7.730054971720547
Male,Other,17,16361,42031,PA,0.3146570238695974
Male,Other,89,16351,42123,PA,-2.373072057424992
Female,White,35,16361,42031,PA,2.294910025529112
Male,White,67,16354,42039,PA,6.181550907865936
Female,White,72,16352,42123,PA,1.1251070840616988
Female,White,26,16350,42123,PA,9.05904205286074
Female,Other,78,16364,42031,PA,6.160386276057989
Male,Other,30,16361,42031,PA,3.721936793489565
Female,Black,15,16364,42031,PA,6.226483714865387
Female,Black,0,16352,42123,PA,-0.031351354054537595
Male,White,18,16350,42123,PA,7.3848801251781975
Male,White,3,16350,42123,PA,-1.1097865447926285
Male,White,21,16354,42039,PA,5.3879445296610164
Male,Black,25,16361,42031,PA,6.075981880742745
Male,Black,19,16353,42031,PA,3.2140701066453774
Female,White,5,16361,42031,PA,10.824704700511539
Female,Black,73,16360,42039,PA,2.675743668526584
Female,White,87,16350,42123,PA,6.102715642229059
Male,White,73,16352,42123,PA,6.663809057016791
Female,White,44,16361,42031,PA,2.379760341183708
Female,Other,26,16354,42039,PA,17.022122248951412
Female,Black,31,16351,42123,PA,3.891814761254772
Male,Other,75,16352,42123,PA,8.617126011170036
Male,Other,1,16350,42123,PA,6.091885164210806
Female,Other,70,16351,42123,PA,3.4490368261898707
Male,Black,84,16360,42039,PA,2.509475725837313
Female,Other,9,16350,42123,PA,5.287816381167092
Female,White,20,16350,42123,PA,-2.08547903286176
Female,White,54,16361,42031,PA,7.269633159772587
Female,Other,67,16350,42123,PA,-3.9948113410548225
Female,Black,3,16362,42085,PA,10.756397037029442
Female,White,7,16360,42039,PA,2.556209848157292
Female,Black,25,16361,42031,PA,12.134524309665357
Male,Other,71,16360,42039,PA,-0.9591818200915623
Female,White,65,16351,42123,PA,10.28154475451779
Female,Other,73,16364,42031,PA,3.9114917148794834
Female,White,41,16352,42123,PA,8.433604717607675
Male,Other,69,16347,42053,PA,-3.2314691180096284
Female,White,49,16352,42123,PA,7.336109161901632
Male,Black,65,16361,42031,PA,1.2780286962461838
Female,Other,50,16353,42031,PA,0.16387396204495008
Female,Black,47,16351,42123,PA,-5.456675340626218
Male,White,3,16353,42031,PA,-0.9001156073003007
Female,Other,29,16354,42039,PA,6.096019195437768
Male,Other,74,16351,42123,PA,-4.804054683205614
Male,White,59,16360,42039,PA,7.2968011864465385
Female,White,29,16354,42039,PA,11.476270792068442
Female,Other,26,16354,42039,PA,6.867230371654599
Male,Black,9,16354,42039,PA,5.06404082906354
Female,Other,11,16360,42039,PA,2.860469633110996
Male,Black,6,16352,42123,PA,-6.272982217975271
Female,White,73,16350,42123,PA,1.6990761132182914
Female,Black,7,16361,42031,PA,9.738863587675851
Male,Other,66,16361,42031,PA,4.631462613186837
Female,White,40,16352,42123,PA,10.261193852138474
Male,White,60,16361,42031,PA,5.648986801196376
Female,Other,42,16361,42031,PA,7.7531067569790295
Female,White,80,16361,42031,PA,16.907608163393533
Male,Other,68,16364,42031,PA,2.4628781277153107
Female,Black,93,16353,42031,PA,6.900376037158311
Female,White,73,16351,42123,PA,7.95031972451996
Male,Other,38,16351,42123,PA,4.736481168198498
Female,Black,67,16362,42085,PA,8.93560816990698
Male,Other,79,16354,42039,PA,13.247357688139356
Female,White,18,16351,42123,PA,-3.103522347691391
Female,Other,37,16352,42123,PA,4.596727482284222
Female,Black,65,16352,42123,PA,0.4003389720368431
Male,Other,0,16364,42031,PA,7.844541978659821
Female,Other,28,16352,42123,PA,2.10206266382542
Male,White,43,16350,42123,PA,-2.6908465249105147
Female,Black,94,16364,42031,PA,6.355955748952493
Male,Black,66,16347,42053,PA,3.6920772663822445
Female,White,87,16360,42039,PA,-3.9836075111369684
Female,White,5,16350,42123,PA,10.957195985264423
Male,Black,24,16347,42053,PA,-4.666929830252851
Female,White,69,16362,42085,PA,16.175327014163592
Female,Black,26,16351,42123,PA,7.17241962107377
Female,Black,27,16347,42053,PA,4.347836056327751
Male,White,1,16350,42123,PA,2.1338314978954727
Female,White,12,16350,42123,PA,3.887135586768683
Male,White,69,16360,42039,PA,2.096130794229598
Male,Black,13,16362,42085,PA,4.2480963026120495
Male,White,99,16354,42039,PA,9.537358645385739
Female,Other,44,16350,42123,PA,6.6915719695626334
Female,Black,67,16362,42085,PA,4.399860847555793
Female,Other,0,16364,42031,PA,15.212862169089341
Female,Black,21,16361,42031,PA,14.07615556139671
Male,Black,78,16350,42123,PA,6.40197478944064
Female,White,23,16352,42123,PA,8.046345471176622
Male,White,9,16351,42123,PA,2.969927242898067
Female,White,64,16362,42085,PA,1.7578262022619597
Female,Other,44,16353,42031,PA,4.929126931524024
Female,Other,8,16347,42053,PA,6.4477541409792245
Female,White,58,16350,42123,PA,3.0008057860804014
Female,Other,68,16353,42031,PA,7.986168361555182
Female,Other,32,16354,42039,PA,-6.1748494678089605
Female,White,65,16362,42085,PA,5.984271716330368
Female,Other,29,16361,42031,PA,3.93886571090996
Female,White,85,16362,42085,PA,0.2837033388398966
Male,Other,81,16353,42031,PA,9.517324016484674
Female,Other,82,16364,42031,PA,3.759032190246841
Female,Black,13,16354,42039,PA,6.868486006364875
Female,White,84,16361,42031,PA,16.832814690499028
Male,Black,6,16350,42123,PA,-0.8552392978084491
Male,Other,12,16361,42031,PA,5.85995710374054
Male,Black,42,16361,42031,PA,6.1714663077931196
Male,White,57,16350,42123,PA,5.589205916246265
Female,Black,22,16360,42039,PA,14.611278081371507
Female,Black,7,16364,42031,PA,5.372071226164429
Female,Black,100,16362,42085,PA,9.705174002484187
Male,White,23,16354,42039,PA,4.508046812888377
Female,White,74,16347,42053,PA,2.8506606282977685
Male,White,63,16352,42123,PA,-3.5945675463198916
Male,Black,19,16352,42123,PA,2.5104277114439526
Female,White,87,16352,42123,PA,7.807920515570441
Female,Black,2,16361,42031,PA,5.39628472006253
Male,White,25,16354,42039,PA,2.1359395462858974
Male,Black,28,16360,42039,PA,3.7700543522538355
Female,Black,20,16364,42031,PA,11.360655817676857
Male,Other,100,16354,42039,PA,0.8657887449388451
Female,Other,60,16353,42031,PA,-0.4810344156902939
Female,White,15,16350,42123,PA,10.651251739894764
Male,White,65,16364,42031,PA,2.0379303965155433
Male,Other,17,16360,42039,PA,4.594997620919095
Female,Other,37,16362,42085,PA,13.567010125905497
Female,Other,24,16361,42031,PA,1.9481925516051275
Female,Black,82,16351,42123,PA,4.7008963915850215
Male,Black,27,16364,42031,PA,-7.341885362734704
Male,White,72,16354,42039,PA,2.739391185282787
Male,Black,5,16347,42053,PA,10.01625130862957
Male,Black,74,16353,42031,PA,-2.672106573024276
Female,White,12,16364,42031,PA,-2.5194564677575677
Female,Black,15,16350,42123,PA,6.584889794899727
Female,White,41,16354,42039,PA,15.75563027062606
Female,Other,76,16362,42085,PA,3.484208794658855
Female,Black,70,16360,42039,PA,5.1555992794033045
Female,Black,66,16351,42123,PA,-0.8138340718618613
Male,Other,30,16353,42031,PA,11.310986687299312
Male,Other,56,16353,42031,PA,4.806547593456538
Male,Black,75,16354,42039,PA,5.240336649745606
Female,White,25,16351,42123,PA,7.440334244189285
Male,White,3,16353,42031,PA,8.35882560521367
Female,Black,2,16350,42123,PA,-5.053802475839743
Male,Black,64,16351,42123,PA,8.828333781258994
Female,Other,66,16354,42039,PA,10.07547936723726
Male,Other,51,16362,42085,PA,10.467909681514481
Male,Other,50,16353,42031,PA,12.832191479933744
Female,Black,6,16352,42123,PA,4.879483772847246
Female,Other,21,16362,42085,PA,2.7734084494265163
Female,Other,77,16350,42123,PA,2.38965922759594
Female,White,21,16364,42031,PA,-0.6287648859772839
Male,White,5,16364,42031,PA,-0.6058991540190637
Female,White,23,16360,42039,PA,0.446212167252213
Female,Other,72,16353,42031,PA,-2.516870063404097
Female,Other,23,16350,42123,PA,11.144575282989639
Female,Black,52,16351,42123,PA,5.747766682185304
Male,Other,36,16362,42085,PA,6.882508779045527
Male,Black,99,16352,42123,PA,1.6164886306738913
Male,Black,73,16353,42031,PA,-3.461390121517056
Female,Other,12,16347,42053,PA,8.017616496968962
Female,Black,66,16364,42031,PA,10.659309304531345
Male,Black,68,16353,42031,PA,4.735111105907844
Female,Other,33,16362,42085,PA,12.332961616896887
Male,Other,57,16361,42031,PA,17.566737192067468
Female,White,6,16352,42123,PA,2.1085317103604106
Male,Black,21,16362,42085,PA,10.845158471218014
Female,White,71,16350,42123,PA,3.6700479855808745
Female,White,51,16361,42031,PA,7.695991367525377
Male,White,12,16361,42031,PA,7.358184881482972
Female,White,12,16350,42123,PA,9.734895781592316
Female,Black,20,16353,42031,PA,0.692917558708082
Female,Black,17,16353,42031,PA,-0.8194087262358982
Female,Black,89,16362,42085,PA,7.45065508082126
Male,Black,66,16354,42039,PA,-4.446601126445119
Female,Black,7,16364,42031,PA,15.003658819459613
Female,Black,74,16360,42039,PA,1.732239720995385
Male,White,15,16362,42085,PA,6.20924023964721
Female,Black,19,16352,42123,PA,0.41899112795094595
Female,Black,24,16351,42123,PA,1.6731072512418281
Male,Other,20,16361,42031,PA,-4.276137953294106
Male,White,7,16353,42031,PA,4.388211569653435
Female,Black,72,16354,42039,PA,1.582753205862343
Female,White,17,16361,42031,PA,4.415890491384003
Male,White,96,16360,42039,PA,6.783870374068135
Female,Black,68,16350,42123,PA,8.33199868090687
Female,White,23,16353,42031,PA,4.599334902328248
Male,White,27,16350,42123,PA,6.869231336903185
Male,Other,5,16362,42085,PA,3.0753856992094466
Male,Black,46,16354,42039,PA,-3.355849030444186
Male,Black,13,16352,42123,PA,2.865304808615239
Male,Other,68,16351,42123,PA,0.2619648343425758
Female,Other,88,16350,42123,PA,6.686827669596821
Female,White,22,16353,42031,PA,6.019916568606908
Female,White,80,16364,42031,PA,0.5807513521656
Male,White,25,16351,42123,PA,1.0125785388306903
Male,Other,63,16353,42031,PA,-1.8536089965368627
Male,Other,66,16352,42123,PA,3.0066892174783173
Male,White,74,16352,42123,PA,-9.390266698816973
Male,Black,20,16362,42085,PA,-1.066000689206497
Female,Black,2,16361,42031,PA,-0.9864812313537152
Male,Black,45,16354,42039,PA,7.867276868232159
Male,White,22,16354,42039,PA,13.471102159269197
Male,Black,96,16364,42031,PA,2.7803936889462166
Female,Black,15,16352,42123,PA,2.9785631355015525
Female,White,76,16350,42123,PA,11.970719481472173
Female,Other,7,16364,42031,PA,6.899058090947125
Male,Black,32,16353,42031,PA,-2.2539031746512754
Female,Other,34,16352,42123,PA,0.9046489209174009
Female,White,21,16354,42039,PA,4.350370291574189
Female,Other,48,16364,42031,PA,1.662859512922033
Female,Black,92,16361,42031,PA,5.343214911269723
Male,Black,47,16361,42031,PA,-2.9559926637699245
Male,Black,14,16364,42031,PA,6.213659392883266
Female,White,66,16350,42123,PA,6.9833540984068705
Female,Black,91,16362,42085,PA,2.8891360625637157
Male,White,10,16350,42123,PA,-6.548652733235125
Female,Other,33,16347,42053,PA,12.958345221111543
Male,Other,92,16353,42031,PA,1.0987910765650737
Female,White,32,16360,42039,PA,3.0009243268416084
Male,White,86,16353,42031,PA,8.93452546388458
Male,Other,73,16360,42039,PA,2.14377546636024
Male,Other,19,16360,42039,PA,3.5955236444703607
Male,Black,9,16350,42123,PA,-3.0161658885707077
Male,Black,35,16352,42123,PA,4.658173160344811
Female,Other,5,16354,42039,PA,4.02590820669049
Male,White,25,16351,42123,PA,7.548826046381642
Male,White,6,16354,42039,PA,-11.131998007527086
Male,Other,10,16347,42053,PA,4.81552829302767
Male,Other,27,16347,42053,PA,5.909546815715151
Female,Black,77,16360,42039,PA,-1.2457520762889756
Female,White,0,16360,42039,PA,6.864334094714813
Male,Other,27,16350,42123,PA,4.686324916248225
Male,White,21,16360,42039,PA,5.534210701406151
Female,Other,66,16362,42085,PA,10.062532301511157
Male,Other,95,16362,42085,PA,6.410130432172978
Female,Black,71,16354,42039,PA,9.090478880943092
Female,White,66,16352,42123,PA,2.181279484194067
Female,White,8,16364,42031,PA,4.095089650989515
Female,White,0,16362,42085,PA,6.915041063119528
Female,Other,79,16360,42039,PA,7.310083185395236
Male,White,49,16361,42031,PA,1.411036807193772
Female,Other,71,16354,42039,PA,-2.2872791513992743
Female,White,70,16362,42085,PA,5.97360195004598
Female,Black,11,16361,42031,PA,-0.09720519598888622
Male,White,66,16361,42031,PA,2.3225399440692507
Female,White,79,16352,42123,PA,-4.462417874826008
Female,Other,9,16354,42039,PA,4.3568930370162375
Male,Black,26,16360,42039,PA,-1.8269628945306584
Female,Black,73,16351,42123,PA,3.523988842167337
Female,Black,13,16352,42123,PA,4.58410539135134
Male,White,58,16360,42039,PA,7.732489444849268
Female,Black,92,16351,42123,PA,-3.850337648056967
Male,White,75,16350,42123,PA,-8.233801404655823
Female,Black,100,16351,42123,PA,9.348368568268164
Male,White,84,16351,42123,PA,5.526387088310505
Female,Black,13,16364,42031,PA,4.116096071977096
Male,White,34,16347,42053,PA,6.556637422406919
Male,White,3,16360,42039,PA,0.16091476963676188
Male,Black,79,16350,42123,PA,5.728200438478552
Male,Black,67,16354,42039,PA,5.682043842067731
Male,White,64,16364,42031,PA,8.554802462680854
Male,Other,66,16352,42123,PA,7.818005147077419
Male,Black,49,16354,42039,PA,0.4339961247119306
Female,White,1,16353,42031,PA,7.124390877842828
Female,Other,79,16347,42053,PA,-7.348857060023872
Female,Black,51,16362,42085,PA,15.462922412305826
Female,White,64,16354,42039,PA,5.879219047139434
Male,Black,7,16353,42031,PA,6.3767323583388755
Female,White,38,16352,42123,PA,6.327804437875378
Female,White,39,16352,42123,PA,6.221440912765482
Female,White,0,16362,42085,PA,8.66668198438906
Female,Other,27,16354,42039,PA,9.824221794024027
Male,Other,34,16351,42123,PA,-3.0669799144038037
Male,Black,91,16354,42039,PA,0.2805330057404376
Female,Other,76,16352,42123,PA,1.0706707459492089
Female,White,13,16353,42031,PA,10.288796516477632
Female,Other,97,16364,42031,PA,10.429241660839793
Male,Black,50,16360,42039,PA,6.743552244004118
Female,Other,13,16353,42031,PA,-0.9258573823408938
Male,Other,61,16352,42123,PA,1.1305659165501107
Female,Black,41,16360,42039,PA,8.296398410953973
Female,Other,54,16350,42123,PA,2.7383599660557083
Male,Other,7,16354,42039,PA,8.717722443682757
Female,Black,10,16360,42039,PA,8.466619872122848
Male,Black,0,16350,42123,PA,1.853774173278389
Female,White,31,16352,42123,PA,0.5690835821094371
Male,Black,44,16364,42031,PA,7.831996201222486
Male,Black,38,16350,42123,PA,9.155307648687641
Female,Other,10,16364,42031,PA,10.614993442726945
Female,White,66,16361,42031,PA,8.96347808593562
Male,Other,15,16353,42031,PA,0.23322101581706445
Male,White,74,16351,42123,PA,-3.942558558836112
Female,White,25,16361,42031,PA,2.6446778733991305
Male,Black,59,16347,42053,PA,2.4383181766670994
Male,Black,26,16361,42031,PA,-2.419788366556196
Female,Other,80,16362,42085,PA,13.502508840387295
Female,White,29,16347,42053,PA,5.514978733460612
Female,Other,41,16353,42031,PA,5.062065392655571
Female,Other,28,16351,42123,PA,10.0817910935366
Female,White,31,16362,42085,PA,9.938428300121448
Female,Other,53,16347,42053,PA,0.9206483561872174
Female,Other,39,16360,42039,PA,-0.6784568882072932
Female,Black,56,16364,42031,PA,16.07318378398763
Female,White,50,16362,42085,PA,20.234278836579325
Male,Black,29,16361,42031,PA,1.816726250567727
Male,Black,4,16347,42053,PA,3.404850937558571
Female,White,29,16352,42123,PA,-0.42170809349936267
Female,White,50,16362,42085,PA,5.53880292582661
Female,White,4,16361,42031,PA,-1.929693950267426
Male,Black,70,16360,42039,PA,-2.36230244701507
Female,Other,72,16362,42085,PA,5.046324440141975
Female,Other,41,16361,42031,PA,1.31550547407301
Female,Black,71,16360,42039,PA,14.987320373370757
Female,Black,17,16353,42031,PA,9.217744209437999
Female,Black,67,16362,42085,PA,6.683588629861419
Female,Other,56,16361,42031,PA,6.044652379757947
Male,Other,31,16347,42053,PA,1.0207891657324484
Female,White,38,16362,42085,PA,2.3824685140237536
Female,White,1,16350,42123,PA,-1.7774940491978315
Male,White,69,16361,42031,PA,1.5519029484017504
Male,Other,75,16353,42031,PA,4.865914878307489
Male,Black,76,16361,42031,PA,4.954187113447114
Female,White,24,16360,42039,PA,13.130485687679641
Male,White,9,16364,42031,PA,3.63312472439026
Male,White,71,16361,42031,PA,6.013227028925529
Female,White,32,16360,42039,PA,4.180574965633838
Female,Black,60,16347,42053,PA,9.820002728346623
Male,Black,34,16362,42085,PA,-0.5020046467412902
Male,White,70,16361,42031,PA,1.3486513241969758
Male,Black,31,16360,42039,PA,2.686507878358601
Male,Black,34,16364,42031,PA,-4.295231637026275
Female,Other,26,16354,42039,PA,8.4602198401509785
Female,Black,71,16364,42031,PA,1.1535620216691456
Male,Other,97,16352,42123,PA,-0.9014247319833273
Male,Other,11,16350,42123,PA,3.560352728187494
Male,Other,0,16360,42039,PA,3.6671300496471004
Male,Other,81,16360,42039,PA,4.571469945157093
Male,Black,19,16352,42123,PA,10.688288355911846
Male,Other,47,16361,42031,PA,-0.6141629364122934
Male,Black,66,16353,42031,PA,0.3235092244175719
Female,Other,43,16360,42039,PA,5.118566303307462
Male,Other,10,16347,42053,PA,-4.699743402403148
Female,White,65,16364,42031,PA,2.556270418646347
Female,White,28,16360,42039,PA,8.160272452293635
Male,White,15,16352,42123,PA,5.914311509772618
Male,White,94,16353,42031,PA,13.495594800963485
Male,White,84,16351,42123,PA,6.586403703053373
Male,White,21,16360,42039,PA,12.059069418222709
Female,Black,74,16352,42123,PA,1.8339452614831542
Male,White,69,16354,42039,PA,-0.859419299193338
Female,White,30,16354,42039,PA,10.14073791215903
Male,White,69,16350,42123,PA,12.788352647125649
Male,Black,5,16353,42031,PA,2.8849673130707334
Male,Other,83,16347,42053,PA,9.701953062915706
Male,Other,71,16354,42039,PA,-0.3300491246107695
Male,White,65,16362,42085,PA,5.2094568751214165
Female,Other,8,16347,42053,PA,5.689012195192373
Female,Other,14,16347,42053,PA,15.91079325822033
Male,Other,70,16351,42123,PA,0.38795665068701135
Male,White,93,16362,42085,PA,9.041160412732001
Female,White,60,16361,42031,PA,8.391870693852496
Male,Black,58,16351,42123,PA,4.738066791239907
Female,Other,83,16354,42039,PA,5.010564497190206
Male,White,69,16361,42031,PA,9.77633528946987
Female,Other,27,16353,42031,PA,3.9401010211314857
Female,Black,76,16362,42085,PA,-5.8473506772169666
Female,Black,26,16361,42031,PA,2.8462726208776803
Female,Black,82,16362,42085,PA,2.6231598825663784
Male,Black,74,16352,42123,PA,8.15371643963877
Female,Other,36,16352,42123,PA,3.9220990046796897
Male,Black,17,16361,42031,PA,1.0342627470896413
Female,Black,67,16351,42123,PA,1.3074465713586623
Male,White,51,16364,42031,PA,3.8774962384487397
Female,White,21,16347,42053,PA,5.4483992640031165
Female,Black,13,16364,42031,PA,3.2833937284215113
Female,Black,18,16353,42031,PA,4.681523673460759
Male,Other,80,16361,42031,PA,12.047097326126888
Female,White,93,16350,42123,PA,6.197716957166862
Female,White,49,16360,42039,PA,7.728315082239093
Female,Black,96,16351,42123,PA,6.437187689123878
Male,Black,90,16364,42031,PA,2.003522802102206
Female,Other,29,16351,42123,PA,3.0208431231354687
Male,White,16,16361,42031,PA,0.3671470915504145
Female,White,11,16362,42085,PA,6.414265982647553
Female,White,14,16361,42031,PA,-5.923275289442689
Female,White,14,16361,42031,PA,2.7685210509156266
Male,Black,34,16350,42123,PA,0.32355417241598117
Female,White,23,16352,42123,PA,6.983060910031913
Female,White,73,16352,42123,PA,16.93243865701906
Male,Black,42,16351,42123,PA,8.28847761941455
Male,White,57,16364,42031,PA,0.04980677861285798
Female,White,67,16350,42123,PA,3.5742271460696213
Female,Black,24,16364,42031,PA,10.289228399870561
Female,Black,54,16364,42031,PA,10.381934871813664
Female,Other,7,16360,42039,PA,4.2332087233679285
Male,White,68,16352,42123,PA,-9.553639989679226
Male,White,52,16350,42123,PA,1.326393192821442
Male,Black,15,16360,42039,PA,11.392863638369395
Female,Black,31,16364,42031,PA,1.915100325784004
Male,Other,57,16361,42031,PA,7.0009565271270215
Female,White,71,16352,42123,PA,-1.3822534150696733
Female,White,26,16352,42123,PA,-1.8486527724172719
Female,White,86,16361,42031,PA,10.17182983019256
Male,Other,40,16361,42031,PA,8.294315159242556
Male,White,53,16360,42039,PA,1.183419284267539
Male,White,61,16362,42085,PA,7.235866179093863
Male,Other,19,16347,42053,PA,5.306943551390942
Male,Black,79,16364,42031,PA,7.2008076827985406
Female,Other,7,16360,42039,PA,9.61418919370782
Male,White,17,16362,42085,PA,5.763536629431343
Female,White,91,16353,42031,PA,5.923370097484103
Male,Other,76,16347,42053,PA,-10.45443409967666
Male,Black,88,16364,42031,PA,2.007365815203741
Male,Other,81,16351,42123,PA,3.984047083586398
Male,White,86,16364,42031,PA,9.017679989676587
Male,White,60,16364,42031,PA,1.7554097086980174
Female,Black,28,16352,42123,PA,11.967901582889414
Male,White,32,16362,42085,PA,4.03981296509187
Male,Black,16,16361,42031,PA,-0.8674998177116042
Male,Black,40,16360,42039,PA,7.086878398262133
Female,Other,68,16352,42123,PA,4.894567349080412
Female,White,98,16350,42123,PA,13.366983476187059
Male,Other,68,16351,42123,PA,-11.71482365612022
Female,Other,14,16350,42123,PA,4.671742691372618
Male,White,66,16347,42053,PA,3.738501507562134
Male,Other,2,16364,42031,PA,-5.01003195303899
Female,Black,8,16362,42085,PA,4.067240379789135
Female,White,36,16362,42085,PA,5.813792404296474
Female,Other,78,16361,42031,PA,1.3985227360102046
Female,White,2,16361,42031,PA,6.589702018911382
Male,Black,90,16350,42123,PA,-6.796308041804103
Female,Other,0,16351,42123,PA,8.635579949138315
Male,Other,34,16353,42031,PA,8.165960646575506
Male,Other,100,16360,42039,PA,-0.1649752598693648
Male,Black,18,16347,42053,PA,5.212985830568316
Male,White,72,16350,42123,PA,8.694131064412401
Male,Black,49,16353,42031,PA,0.47660352787736304
Female,Other,94,16360,42039,PA,5.317805400054866
Male,Other,73,16354,42039,PA,3.8315546230824347
Male,Other,32,16354,42039,PA,6.642587480511629
Male,Other,9,16354,42039,PA,-2.0453071267333103
Male,Other,3,16351,42123,PA,10.89325207782954
Female,Other,83,16351,42123,PA,7.5821893829625235
Male,Other,24,16351,42123,PA,3.0413870101392804
Female,White,25,16364,42031,PA,12.582378783168808
Female,Black,72,16364,42031,PA,15.944026894943478
Male,White,57,16353,42031,PA,4.877012142344789
Male,White,32,16351,42123,PA,11.602580181487902
Male,Black,25,16352,42123,PA,-0.9517207647295249
Female,White,34,16360,42039,PA,8.552442575262356
Male,Black,23,16364,42031,PA,-2.206221071123027
Male,White,8,16360,42039,PA,14.481232174900464
Female,Black,78,16354,42039,PA,7.255132012911782
Female,Other,69,16347,42053,PA,-2.9593063723707766
Male,White,7,16353,42031,PA,0.09612415665548601
Female,White,74,16351,42123,PA,7.012243682224087
Female,Other,69,16353,42031,PA,8.066330966943323
Female,White,76,16351,42123,PA,-2.9360581184034986
Male,White,7,16360,42039,PA,0.519801461277094
Female,White,19,16364,42031,PA,5.887156424338724
Male,Black,83,16353,42031,PA,11.489305355523555
Male,White,12,16354,42039,PA,7.538422236242681
Female,White,26,16351,42123,PA,2.014321718812192
Male,Other,87,16354,42039,PA,2.236809564205839
Male,Black,73,16353,42031,PA,1.429739144291247
Male,White,32,16352,42123,PA,-1.8757250286672464
Female,White,66,16352,42123,PA,-9.535601266164331
Female,Other,33,16362,42085,PA,2.291844710156223
Male,Black,23,16360,42039,PA,-8.665640659632889
Female,White,67,16362,42085,PA,5.476557727617184
Male,Other,18,16347,42053,PA,2.958796452071759
Male,Other,62,16361,42031,PA,5.797151771439783
Male,White,69,16361,42031,PA,-3.0427430588330306
Male,Other,65,16360,42039,PA,6.016041607610973
Male,Other,84,16361,42031,PA,5.7846605087172325
Male,Black,80,16362,42085,PA,2.407244556147898
Male,Other,30,16352,42123,PA,7.3659089183525674
Male,White,66,16351,42123,PA,-0.6810209410359236
Male,Black,55,16350,42123,PA,-9.834299000530473
Female,Other,88,16347,42053,PA,1.7899055930388341
Female,Other,21,16364,42031,PA,11.97647507117674
Male,Other,71,16350,42123,PA,0.5898572759489409
Male,Black,84,16353,42031,PA,-3.252618847282994
Female,Black,5,16354,42039,PA,7.729731862491393
Female,Other,48,16360,42039,PA,7.909224773868284
Female,Other,8,16353,42031,PA,2.7223396537618836
Male,Other,60,16354,42039,PA,8.753593422399392
Male,Black,59,16347,42053,PA,8.020071325340123
Male,White,6,16362,42085,PA,12.517529806493162
Female,White,49,16361,42031,PA,8.816363991475942
Female,Other,65,16364,42031,PA,6.134836357506169
Female,Other,60,16361,42031,PA,0.05771538294672851
Male,White,25,16362,42085,PA,-3.7239699619806617
Female,White,63,16352,42123,PA,13.611833913812692
Male,Black,18,16351,42123,PA,5.361940213265281
Female,Black,60,16351,42123,PA,11.649313576769112
Male,White,17,16352,42123,PA,-2.7590563736933866
Male,Black,46,16352,42123,PA,-6.759872636490922
Female,White,12,16347,42053,PA,3.646359277462721
Male,White,89,16364,42031,PA,8.150502388992836
Male,Other,54,16347,42053,PA,1.106022129955929
Male,White,0,16364,42031,PA,2.82531465351354
Female,Black,65,16351,42123,PA,14.738229271280453
Female,Black,95,16360,42039,PA,2.643656361486401
Female,Black,31,16362,42085,PA,7.934144762041783
Male,Other,85,16362,42085,PA,6.097768806130009
Female,Other,65,16364,42031,PA,8.363000808358395
Male,Other,62,16364,42031,PA,1.1470242883794062
Male,Black,55,16362,42085,PA,-2.594876529409757
Female,Other,16,16354,42039,PA,8.051551905168035
Female,Black,72,16347,42053,PA,-4.522888360844407
Male,Other,13,16347,42053,PA,10.478694542450786
Male,White,76,16360,42039,PA,1.5472566934818954
Male,White,46,16354,42039,PA,4.22858876729505
Male,Black,99,16353,42031,PA,5.551063761761049
Female,Other,45,16354,42039,PA,14.087385820853884
Female,White,12,16364,42031,PA,1.007318637076244
Female,Black,43,16351,42123,PA,5.344208945715311
Female,Black,26,16364,42031,PA,11.880490250725536
Male,Other,47,16353,42031,PA,2.1930970543905257
Female,White,21,16351,42123,PA,1.1495670680394587
Male,Black,42,16347,42053,PA,8.957267345622201
Female,Black,57,16351,42123,PA,-5.003270879463839
Male,Other,70,16362,42085,PA,5.163758089258307
Male,White,72,16347,42053,PA,-2.141507904036933
Male,White,68,16362,42085,PA,8.294671395915461
Female,Other,71,16360,42039,PA,2.150509404955443
Female,Other,49,16353,42031,PA,4.168012090765937
Female,Other,0,16362,42085,PA,4.2010075847152075
Male,White,47,16353,42031,PA,-4.77901531752452
Female,Black,67,16364,42031,PA,7.503753891639937
Female,Other,45,16354,42039,PA,3.1826275477800894
Female,White,75,16353,42031,PA,0.9525230284935802
Male,Other,67,16350,42123,PA,-4.575973994988063
Male,Black,33,16362,42085,PA,5.020948476402292
Male,Black,44,16360,42039,PA,4.275053336132435
Male,Other,39,16364,42031,PA,13.100449030185079
Female,White,69,16360,42039,PA,5.173078093441369
Male,Black,34,16351,42123,PA,4.324892233440774
Female,Other,31,16350,42123,PA,4.978323565448806
Female,Other,61,16352,42123,PA,4.547091508029956
Female,Black,51,16364,42031,PA,10.867211339371497
Male,White,15,16361,42031,PA,12.931193874944347
Male,Other,70,16364,42031,PA,4.37843877344983
Male,Other,85,16360,42039,PA,5.399593680002585
Male,Black,28,16364,42031,PA,16.622252270383846
Male,White,18,16353,42031,PA,5.816382580580159
Male,Other,34,16362,42085,PA,7.611301226716861
Male,Other,27,16360,42039,PA,3.4097621230228112
Male,White,10,16352,42123,PA,7.876289279818992
Male,Black,37,16362,42085,PA,3.038530873480161
Female,White,6,16352,42123,PA,6.183046059800645
Male,Other,65,16351,42123,PA,-4.510791561982911
Male,White,17,16351,42123,PA,18.138043740977672
Male,White,93,16362,42085,PA,-3.706762215455064
Female,White,44,16351,42123,PA,11.671246371243496
Male,White,57,16353,42031,PA,10.234936838878227
Female,White,98,16351,42123,PA,15.497565667840451
Male,Black,79,16364,42031,PA,12.37658988978146
Male,White,88,16347,42053,PA,8.938973338788607
Female,White,60,16362,42085,PA,-2.3105012375829386
Male,Black,77,16361,42031,PA,0.6431226648261505
Female,Black,74,16350,42123,PA,0.6998201233482777
Female,Black,48,16362,42085,PA,14.697579960740025
Female,Black,27,16354,42039,PA,11.494312368557019
Male,Other,31,16354,42039,PA,7.864743846482378
Female,Other,20,16361,42031,PA,6.6522698276042105
Female,White,45,16360,42039,PA,5.027562919386548
Female,Black,13,16351,42123,PA,-1.6706957377492078
Female,Other,45,16362,42085,PA,10.102107257756428
Male,White,24,16354,42039,PA,8.644808901728656
Female,White,49,16352,42123,PA,6.28765506142219
Female,White,36,16353,42031,PA,10.410187778796008
Female,Other,37,16364,42031,PA,1.3621182652575952
Female,Black,72,16360,42039,PA,2.174468070840688
Male,White,65,16364,42031,PA,-1.0451741341010048
Male,Black,11,16361,42031,PA,-1.9104722502287035
Female,White,29,16352,42123,PA,4.084557226707309
Male,Other,72,16361,42031,PA,2.7491722502787925
Male,White,61,16360,42039,PA,1.4118786511245704
Female,Black,7,16364,42031,PA,4.844300817525866
Male,Black,34,16351,42123,PA,6.748834743480758
Male,White,23,16347,42053,PA,3.262664957012579
Female,Other,68,16364,42031,PA,8.197786971067323
Male,Black,14,16361,42031,PA,10.380682136458454
Female,Other,45,16351,42123,PA,7.960924941257124
Female,Other,48,16360,42039,PA,3.435666679165988
Male,Other,36,16352,42123,PA,5.381014379586615
Female,White,67,16354,42039,PA,3.1825951804284434
Female,Black,43,16360,42039,PA,11.164031672459096
Female,Other,86,16353,42031,PA,7.773264254283877
Female,White,6,16352,42123,PA,-0.045202325372254215
Male,White,32,16364,42031,PA,9.451900490292848
Female,Other,100,16361,42031,PA,2.5772476951666516
Male,Black,75,16351,42123,PA,-1.8319263750317503
Female,White,54,16354,42039,PA,5.619511362030197
Male,White,71,16351,42123,PA,0.8661071733881298
Male,Other,9,16351,42123,PA,11.845977005112422
Male,Other,13,16353,42031,PA,-0.9851842880337589
Female,Other,71,16354,42039,PA,5.7562395920641265
Female,Black,98,16361,42031,PA,3.1540598193787788
Male,White,66,16360,42039,PA,7.4687954881261085
Female,Black,74,16362,42085,PA,8.597544139766617
Female,Black,76,16350,42123,PA,15.871588799643924
Male,Other,36,16360,42039,PA,5.271026211683099
Male,White,69,16361,42031,PA,-2.2003942746896854
Male,White,99,16364,42031,PA,-0.7993660204004644
Female,Other,16,16354,42039,PA,2.951863950488556
Male,White,32,16364,42031,PA,7.0150470328832
Female,White,28,16353,42031,PA,8.268900216389987
Female,Black,28,16354,42039,PA,0.3706790031681857
Female,White,6,16350,42123,PA,-2.241956412491869
Male,Other,99,16354,42039,PA,5.97974249625569
Male,Black,38,16353,42031,PA,2.8888734452828895
Male,White,0,16350,42123,PA,-2.7329581980451914
Male,Other,4,16352,42123,PA,-2.0436474401174882
Female,Black,58,16360,42039,PA,12.001197705907604
Female,White,87,16352,42123,PA,1.0413922684021029
Female,Other,84,16352,42123,PA,-0.815067964965098
Female,Other,94,16350,42123,PA,10.910191091061591
Female,White,58,16354,42039,PA,8.021504905082873
Female,Black,62,16353,42031,PA,-1.0397071481523366
Male,White,84,16352,42123,PA,6.1784694835784215
Male,Black,46,16364,42031,PA,10.555171624388915
Male,White,22,16351,42123,PA,0.6408155717413866
Female,White,11,16353,42031,PA,-7.462398614444932
Female,Other,14,16362,42085,PA,17.980839981662985
Male,Other,91,16352,42123,PA,1.259927379438673
Female,White,88,16354,42039,PA,3.5196192817065843
Male,Other,73,16360,42039,PA,-0.9592291410482536
Female,Other,38,16347,42053,PA,10.317945403670791
Male,Other,71,16354,42039,PA,8.368020461622201
Male,Other,64,16350,42123,PA,-6.3119000379704095
Male,Other,55,16350,42123,PA,17.38246413300372
Male,Other,71,16347,42053,PA,5.352668485692214
Female,Other,67,16361,42031,PA,5.3934657513745465
Female,Black,37,16360,42039,PA,6.124139248684121
Male,Black,30,16364,42031,PA,1.500509995922802
Male,Black,74,16352,42123,PA,-8.273426542528291
Male,White,66,16350,42123,PA,3.8009331309395837
Male,Other,87,16351,42123,PA,-0.7899490126732895
Male,Other,20,16353,42031,PA,3.48333165229075
Male,White,40,16353,42031,PA,-7.925311592132475
Female,Black,35,16354,42039,PA,-0.5167126342976376
Female,Black,98,16362,42085,PA,1.9835609217574666
