zip,sex,race,age,time,county,state,outcome
15904,male,black,35-64,11,42021,42,-1.7475789467224567
15904,female,black,75+,6,42021,42,8.716236251073882
15904,male,black,75+,10,42021,42,6.849639569923104
15904,female,white,0-17,2,42021,42,3.3790223146809866
15904,male,other,75+,12,42021,42,7.547359510350125
15904,male,black,75+,11,42021,42,11.231664405227516
15904,female,other,65-74,1,42021,42,5.259962125598092
15904,female,white,65-74,10,42021,42,11.22082867902456
15904,male,white,35-64,10,42021,42,-0.6335873166396055
15904,female,black,18-34,5,42021,42,12.840023679898922
15904,female,black,65-74,7,42021,42,5.666034847012639
15904,female,black,75+,5,42021,42,3.9885942738625095
15904,female,white,18-34,4,42021,42,4.650544078927153
15904,female,other,65-74,4,42021,42,-1.566040226197611
15904,male,other,18-34,7,42021,42,10.098701860188854
15904,male,black,65-74,2,42021,42,4.1199330237939815
15904,female,white,18-34,10,42021,42,7.496184310920189
15904,female,other,35-64,10,42021,42,8.78272060539444
15904,male,other,18-34,3,42021,42,12.26163361091725
15904,male,black,35-64,12,42021,42,5.102833099924032
15904,female,white,0-17,1,42021,42,12.329792726153414
15904,female,black,35-64,3,42021,42,2.1187602739113354
15904,female,white,75+,10,42021,42,2.981930750145177
15904,female,other,18-34,6,42021,42,6.208121551030482
15904,male,black,35-64,10,42021,42,0.08398091252848738
15904,female,other,18-34,7,42021,42,16.021530281045052
15904,female,white,0-17,1,42021,42,10.208796971827734
15904,female,black,75+,4,42021,42,10.772383731546302
15904,female,white,35-64,4,42021,42,-3.876431087833335
15904,male,white,0-17,2,42021,42,-0.8187488748402401
15904,male,other,65-74,6,42021,42,1.3289869585020064
15904,female,black,35-64,6,42021,42,10.800086436422802
15904,male,other,65-74,12,42021,42,-0.17898458872934597
15904,male,other,75+,4,42021,42,6.595927574877038
15904,female,black,75+,10,42021,42,-4.911760692617019
15904,male,black,0-17,1,42021,42,12.885272171484395
15904,female,black,0-17,8,42021,42,7.027892776535543
15904,male,black,35-64,2,42021,42,14.518608430980406
15904,female,other,18-34,3,42021,42,3.247341941687491
15904,female,black,0-17,12,42021,42,7.346577439255459
15904,female,white,75+,1,42021,42,17.84335714852977
15904,male,black,35-64,6,42021,42,3.4705132549951863
15904,female,black,35-64,9,42021,42,4.656862116355166
15904,male,white,18-34,7,42021,42,0.8713864801628302
15904,female,white,65-74,8,42021,42,1.783100306482602
15904,female,other,75+,5,42021,42,4.628690470066568
15904,male,white,75+,10,42021,42,6.610482510923947
15904,female,other,75+,4,42021,42,6.492855634307016
15904,male,black,65-74,10,42021,42,-1.8999806823032532
15904,male,other,0-17,8,42021,42,1.766722230353282
15904,female,black,35-64,5,42021,42,3.279745176518841
15904,male,other,75+,1,42021,42,6.722213449342342
15904,male,black,65-74,8,42021,42,-4.696784991227586
15904,male,black,0-17,2,42021,42,1.2468772942533226
15904,male,black,65-74,4,42021,42,-6.731347755837816
15904,male,black,18-34,1,42021,42,4.467528616160056
15904,male,white,18-34,12,42021,42,2.646991769447211
15904,male,black,35-64,4,42021,42,7.8870692022069635
15904,female,black,0-17,10,42021,42,2.434827416732757
15904,female,black,65-74,9,42021,42,-2.730340272886497
15904,female,black,18-34,8,42021,42,2.7068382998184664
15904,female,white,0-17,1,42021,42,-1.0547113951873737
15904,male,other,65-74,10,42021,42,-0.05938676811386223
15904,male,other,35-64,4,42021,42,-0.01102870935885524
15904,female,other,65-74,3,42021,42,7.888142209409564
15904,male,other,35-64,9,42021,42,2.1527788487386847
15904,female,other,35-64,3,42021,42,3.3813854780729686
15904,female,other,18-34,2,42021,42,7.120543943898269
15904,female,white,65-74,10,42021,42,0.49864308123510614
15904,female,black,0-17,9,42021,42,-0.9113785767078656
15904,male,white,18-34,11,42021,42,5.165680787313765
15904,female,other,18-34,5,42021,42,7.967989929829129
15904,female,white,0-17,8,42021,42,7.406398499031068
15904,female,other,65-74,3,42021,42,13.130043713073553
15904,male,black,65-74,8,42021,42,-0.5814611218180751
15904,male,black,65-74,7,42021,42,-1.8314125496586953
15904,male,black,65-74,7,42021,42,8.709608096943668
15904,female,white,35-64,11,42021,42,5.577317425447377
15904,male,other,35-64,12,42021,42,5.865506968267455
15904,female,black,35-64,4,42021,42,1.952605489847712
15904,female,white,18-34,8,42021,42,1.770945170395959
15904,male,other,0-17,5,42021,42,-0.06534345489277538
15904,female,white,35-64,12,42021,42,-5.084143054099347
15904,male,other,35-64,12,42021,42,2.9991712824596855
15904,male,white,0-17,7,42021,42,-1.4389644853923835
15904,male,other,0-17,10,42021,42,3.508171090538201
15904,female,black,75+,3,42021,42,5.011914327007791
15904,female,other,75+,5,42021,42,-2.928684900661028
15904,female,black,0-17,2,42021,42,18.519224794113555
15904,male,other,65-74,4,42021,42,2.3251994381431973
15904,female,white,75+,9,42021,42,11.861331536365553
15904,male,other,0-17,4,42021,42,6.761324871784295
15904,male,white,18-34,8,42021,42,0.5733635535501287
15904,female,other,0-17,4,42021,42,6.6861330189865305
15904,male,black,75+,4,42021,42,7.315888338333684
15904,female,other,0-17,2,42021,42,15.399165185092109
15904,male,white,18-34,11,42021,42,4.9567277494322415
15904,male,other,75+,6,42021,42,3.2005197336987505
15904,female,other,75+,12,42021,42,12.729601074287991
15904,female,white,65-74,11,42021,42,9.336251027105057
15904,female,other,35-64,4,42021,42,3.0307429518315274
15904,male,other,65-74,9,42021,42,4.273524980063409
15904,female,other,0-17,6,42021,42,2.0178042576215596
15905,female,black,18-34,8,42021,42,14.599944239769748
15905,female,other,35-64,2,42021,42,5.936620422452523
15905,male,white,18-34,4,42021,42,3.888804750723712
15905,female,white,35-64,12,42021,42,4.507041756963932
15905,male,white,18-34,9,42021,42,-6.529333261406777
15905,female,other,35-64,9,42021,42,5.691210111554439
15905,male,black,75+,6,42021,42,3.37952390939168
15905,male,other,65-74,3,42021,42,-6.717958764437924
15905,female,white,0-17,6,42021,42,6.12486865918296
15905,male,black,0-17,1,42021,42,1.7005894623781508
15905,male,black,0-17,12,42021,42,-8.067441299692799
15905,female,other,0-17,5,42021,42,-0.9340017325155509
15905,male,black,35-64,1,42021,42,7.135430767404032
15905,male,white,0-17,7,42021,42,-1.0490241255396984
15905,male,white,65-74,5,42021,42,-0.17497405408464697
15905,female,white,0-17,11,42021,42,4.115921485341595
15905,female,black,35-64,8,42021,42,2.297935898317711
15905,male,black,65-74,2,42021,42,6.336251829388698
15905,male,white,18-34,10,42021,42,4.256723513023021
15905,female,other,18-34,12,42021,42,0.11109992325610207
15905,female,white,0-17,7,42021,42,1.4380545333221395
15905,female,white,0-17,2,42021,42,3.4629272446426422
15905,male,white,65-74,1,42021,42,0.8599198877768703
15905,male,other,0-17,6,42021,42,5.500690995161621
15905,female,black,18-34,1,42021,42,2.8096398467504766
15905,female,black,65-74,9,42021,42,-0.2650283031449492
15905,male,other,75+,6,42021,42,3.040905825935476
15905,male,black,65-74,2,42021,42,3.819537857034078
15905,male,black,18-34,1,42021,42,8.49412247115184
15905,female,other,75+,2,42021,42,9.12977757712053
15905,female,white,18-34,9,42021,42,10.516067159981532
15905,female,other,0-17,12,42021,42,22.194700174183588
15905,male,other,0-17,11,42021,42,2.675037094706032
15905,male,black,75+,5,42021,42,4.280004144172579
15905,female,other,35-64,2,42021,42,4.547005716844559
15905,male,other,35-64,9,42021,42,1.6550040110419748
15905,male,black,65-74,8,42021,42,-10.386560726214164
15905,female,white,75+,8,42021,42,5.102420530709778
15905,male,white,0-17,2,42021,42,4.483619763347061
15905,male,black,0-17,12,42021,42,9.592921393733937
15905,male,white,0-17,11,42021,42,5.902655569388978
15905,female,black,65-74,12,42021,42,7.52732352784753
15905,female,black,18-34,3,42021,42,1.515894767817667
15905,male,black,35-64,3,42021,42,5.394264610457592
15905,female,black,35-64,6,42021,42,0.22742943448931377
15905,male,other,0-17,6,42021,42,-0.3925558305722676
15905,female,black,65-74,8,42021,42,11.439661033584978
15905,female,other,65-74,6,42021,42,-6.573050703542194e-4
15905,female,white,0-17,10,42021,42,0.3835982673477103
15905,male,black,18-34,10,42021,42,-0.1393515476389613
15905,female,black,75+,9,42021,42,11.742118824112282
15905,female,black,75+,4,42021,42,-3.787425429312032
15905,male,white,18-34,3,42021,42,-1.2569979240432476
15905,male,other,18-34,6,42021,42,-3.06108106315398
15905,male,white,65-74,1,42021,42,-2.9530770288622055
15905,female,black,0-17,12,42021,42,4.408090962221989
15905,male,black,65-74,4,42021,42,12.054708672040578
15905,male,black,0-17,4,42021,42,0.4927606602790453
15905,male,white,75+,2,42021,42,-1.1896465345310032
15905,male,other,65-74,1,42021,42,2.8689535939266504
15905,female,black,18-34,5,42021,42,-7.953663828692961
15905,male,other,65-74,4,42021,42,8.419582133082988
15905,male,white,0-17,6,42021,42,6.194287165743583
15905,female,other,75+,3,42021,42,9.702452464566216
15905,female,other,65-74,2,42021,42,3.523685864201878
15905,female,white,65-74,1,42021,42,1.7422323966848272
15905,female,black,65-74,7,42021,42,-2.601940185547453
15905,female,other,0-17,8,42021,42,-4.3277195664110915
15905,female,black,18-34,1,42021,42,11.566015434615892
15905,female,other,0-17,5,42021,42,10.717260986198957
15905,female,white,18-34,3,42021,42,6.911187840917336
15905,male,black,75+,11,42021,42,6.8511501233923076
15905,female,white,18-34,10,42021,42,5.986559111047288
15905,female,white,75+,12,42021,42,13.62063514983198
15905,female,other,75+,5,42021,42,8.712953639734614
15905,female,white,35-64,3,42021,42,5.368097023889417
15905,male,black,18-34,7,42021,42,2.5954435176100663
15905,female,white,0-17,7,42021,42,9.907196252538313
15905,female,black,65-74,6,42021,42,-0.4918076483732374
15905,female,white,75+,8,42021,42,16.866084406194865
15905,female,other,0-17,6,42021,42,2.656340391942191
15905,female,black,75+,5,42021,42,7.467356491614673
15905,female,black,18-34,2,42021,42,7.759641624853757
15905,female,white,0-17,3,42021,42,8.22025472179524
15905,male,white,75+,3,42021,42,5.632362824231621
15905,male,black,0-17,12,42021,42,3.3320321859319972
15905,female,black,18-34,12,42021,42,-4.486229677037177
15905,female,other,0-17,8,42021,42,-10.83388331942205
15905,female,black,18-34,9,42021,42,-0.07395760132424023
15905,male,other,35-64,4,42021,42,2.4537832216523228
15905,female,white,75+,2,42021,42,1.831973042430271
15905,female,black,0-17,10,42021,42,12.840248312650186
15905,female,other,65-74,6,42021,42,4.299162927389666
15905,female,white,18-34,8,42021,42,2.663542780083504
15905,female,white,18-34,12,42021,42,8.602216589397628
15905,male,white,18-34,10,42021,42,6.025893657779316
15905,female,white,65-74,3,42021,42,-4.608377128569691
15905,male,black,75+,12,42021,42,6.137618288913347
15905,female,other,0-17,1,42021,42,12.050011322262746
15905,female,other,18-34,9,42021,42,7.846129067783441
15905,female,other,65-74,1,42021,42,8.874802526655891
15905,male,other,0-17,11,42021,42,7.097195031907194
15905,female,other,18-34,12,42021,42,9.801881489982245
15905,female,black,0-17,1,42021,42,5.523380690075046
15905,male,black,65-74,2,42021,42,5.390822382161515
15905,female,black,0-17,9,42021,42,8.15014051250674
15906,female,black,0-17,6,42021,42,-2.4278982894460963
15906,male,white,18-34,2,42021,42,1.7734500112151612
15906,male,black,75+,3,42021,42,-3.933361651470314
15906,female,black,65-74,3,42021,42,16.988296796052968
15906,female,other,0-17,4,42021,42,1.419601177244762
15906,male,other,35-64,1,42021,42,8.855755512525748
15906,male,white,0-17,12,42021,42,4.798704600775444
15906,male,white,0-17,7,42021,42,-1.0950152253758754
15906,male,black,18-34,5,42021,42,-5.948226704129835
15906,female,other,18-34,10,42021,42,3.3567050543214605
15906,female,black,75+,8,42021,42,-0.903628051878612
15906,male,black,65-74,11,42021,42,6.305592281581807
15906,male,other,35-64,11,42021,42,1.5694206187195352
15906,male,white,35-64,9,42021,42,0.27993683916549683
15906,female,other,0-17,11,42021,42,3.070683497743566
15906,female,white,0-17,12,42021,42,6.824226132895549
15906,female,other,65-74,4,42021,42,8.417705594979905
15906,female,white,0-17,10,42021,42,6.056817351570954
15906,female,white,65-74,9,42021,42,2.7662733980140173
15906,male,white,65-74,9,42021,42,-3.9211294287531047
15906,female,white,0-17,5,42021,42,20.540344346485735
15906,male,black,75+,5,42021,42,-5.4340108172966435
15906,female,white,75+,12,42021,42,7.329159628942465
15906,male,black,35-64,12,42021,42,2.5939796816766254
15906,male,black,65-74,8,42021,42,1.384168359812708
15906,female,black,18-34,6,42021,42,6.79333809456291
15906,male,other,65-74,4,42021,42,-1.5367820712855649
15906,female,other,65-74,9,42021,42,1.8399900872595123
15906,male,black,35-64,4,42021,42,-2.842749424110753
15906,female,white,18-34,8,42021,42,0.2541286226857009
15906,female,white,65-74,9,42021,42,12.251762941486795
15906,female,white,35-64,1,42021,42,-0.00368654490027164
15906,male,white,75+,1,42021,42,6.28510557511136
15906,male,other,0-17,11,42021,42,8.833036672822407
15906,male,other,35-64,2,42021,42,3.094647174383551
15906,male,other,18-34,8,42021,42,3.18236075539361
15906,male,white,35-64,2,42021,42,-0.1986016397923498
15906,male,black,65-74,9,42021,42,7.914897283294192
15906,male,black,0-17,10,42021,42,10.720422316439135
15906,female,other,65-74,11,42021,42,12.630417390956282
15906,female,white,35-64,9,42021,42,15.153566422990316
15906,male,white,65-74,2,42021,42,3.4112639979236707
15906,female,black,0-17,8,42021,42,-0.964424313645278
15906,male,black,65-74,6,42021,42,-3.11017350676443
15906,female,white,18-34,3,42021,42,3.499086437394217
15906,male,other,35-64,7,42021,42,-2.6836907453294883
15906,male,black,75+,9,42021,42,4.788605180809357
15906,female,other,18-34,3,42021,42,3.328799438202701
15906,male,white,35-64,5,42021,42,2.434851961923491
15906,female,white,18-34,5,42021,42,8.895868831420088
15906,male,black,0-17,3,42021,42,6.296852656486226
15906,male,black,65-74,3,42021,42,-0.03483704305854029
15906,male,other,65-74,10,42021,42,6.589000470526029
15906,male,other,65-74,10,42021,42,-5.510638901961075
15906,female,white,0-17,8,42021,42,3.353291263501753
15906,male,other,75+,5,42021,42,3.9639951848570063
15906,female,white,35-64,11,42021,42,6.596287611056401
15906,male,other,0-17,11,42021,42,4.959741105258254
15906,female,other,65-74,9,42021,42,-1.4528962865735409
15906,male,other,0-17,8,42021,42,6.261312788279987
15906,male,black,35-64,3,42021,42,2.08294587253373
15906,male,black,65-74,4,42021,42,-2.7829021097523547
15906,female,other,75+,3,42021,42,-0.12980513112454162
15906,male,white,65-74,11,42021,42,-5.205736159619198
15906,male,other,35-64,11,42021,42,4.4567524241505785
15906,male,black,75+,6,42021,42,4.351530812978875
15906,female,black,35-64,10,42021,42,4.809286610436222
15906,male,black,18-34,7,42021,42,11.978092454369406
15906,male,white,35-64,12,42021,42,6.502961591727576
15906,female,other,35-64,12,42021,42,6.416475494128353
15906,female,other,75+,12,42021,42,9.095017509445212
15906,female,other,75+,5,42021,42,11.616678560565145
15906,male,black,0-17,3,42021,42,2.979701644852604
15906,male,white,35-64,4,42021,42,2.6583523440054244
15906,female,black,75+,1,42021,42,8.30762901062448
15906,male,other,0-17,8,42021,42,3.217665107874544
15906,male,white,75+,5,42021,42,13.556429354850549
15906,male,black,75+,10,42021,42,9.32207918807787
15906,male,white,35-64,3,42021,42,9.35682962355942
15906,male,other,75+,8,42021,42,-2.79702726659177
15906,female,black,0-17,2,42021,42,3.389145847554934
15906,female,white,35-64,2,42021,42,4.726317881926349
15906,male,white,75+,6,42021,42,6.481464064546083
15906,male,black,65-74,7,42021,42,-0.1422866847090769
15906,male,black,18-34,10,42021,42,3.306226691993374
15906,female,other,0-17,2,42021,42,10.060419866181922
15906,female,white,35-64,6,42021,42,2.0693395524817606
15906,female,black,0-17,4,42021,42,5.731535843318883
15906,female,white,18-34,11,42021,42,10.33764664883012
15906,female,black,65-74,5,42021,42,7.527981027969494
15906,female,other,35-64,12,42021,42,10.43718871597434
15906,female,other,18-34,2,42021,42,3.3510959599987276
15906,male,black,75+,9,42021,42,13.014275853421022
15906,male,black,65-74,3,42021,42,1.254722380956652
15906,female,black,75+,9,42021,42,2.6700290947641774
15906,female,white,18-34,12,42021,42,15.767966958814814
15906,female,white,75+,2,42021,42,7.615842681379439
15906,female,other,0-17,1,42021,42,7.3816389863003025
15906,male,black,18-34,2,42021,42,-1.3492434748383637
15906,female,black,65-74,7,42021,42,7.611255496253686
15906,male,white,0-17,2,42021,42,1.9285990829872344
15906,male,white,75+,1,42021,42,-0.4246933276416405
15906,female,black,75+,2,42021,42,8.083721318050808
15906,female,white,35-64,5,42021,42,11.0264387152434
15906,male,white,75+,3,42021,42,1.962513358389972
15907,female,other,35-64,8,42021,42,0.9211458697851708
15907,female,white,35-64,3,42021,42,9.278280876990957
15907,male,other,75+,4,42021,42,-4.690302602393416
15907,female,black,65-74,9,42021,42,2.274676194203326
15907,female,other,18-34,11,42021,42,8.755295987316511
15907,female,white,18-34,7,42021,42,6.786058287950605
15907,female,other,35-64,6,42021,42,6.61727600482563
15907,male,white,65-74,2,42021,42,3.1342413707047045
15907,female,other,0-17,11,42021,42,14.605410715552168
15907,female,other,35-64,9,42021,42,4.961261739716036
15907,male,black,0-17,7,42021,42,-4.315760530026784
15907,male,black,35-64,4,42021,42,2.4262737390602016
15907,female,other,35-64,9,42021,42,-1.1987489226864383
15907,male,black,35-64,1,42021,42,10.772490249972876
15907,female,black,65-74,3,42021,42,4.563015707523593
15907,female,white,18-34,5,42021,42,5.443653013009728
15907,male,black,75+,12,42021,42,5.535646722835
15907,female,black,65-74,10,42021,42,8.353947439186907
15907,female,other,65-74,6,42021,42,-4.120819813716803
15907,female,other,65-74,4,42021,42,4.615806698956642
15907,male,white,65-74,8,42021,42,-8.641240434561961
15907,female,white,35-64,7,42021,42,4.1248004361404735
15907,male,black,0-17,2,42021,42,1.2523331486845557
15907,male,other,35-64,7,42021,42,4.130646675119964
15907,male,white,65-74,12,42021,42,-3.768400143979321
15907,female,black,75+,5,42021,42,7.009075406563904
15907,male,other,0-17,2,42021,42,-1.1786681516702449
15907,female,black,35-64,8,42021,42,5.092741181274848
15907,female,black,65-74,2,42021,42,-0.31665406764560444
15907,female,black,75+,9,42021,42,1.9702262880666923
15907,female,black,35-64,2,42021,42,11.292188206689223
15907,male,white,65-74,3,42021,42,1.221907758252935
15907,male,black,18-34,9,42021,42,9.98455840149879
15907,female,other,18-34,12,42021,42,7.647235503751504
15907,female,white,18-34,5,42021,42,6.083309262124287
15907,female,black,35-64,9,42021,42,11.28955389680592
15907,male,other,35-64,4,42021,42,1.2029631607566849
15907,female,other,0-17,4,42021,42,2.700701831596664
15907,male,other,35-64,4,42021,42,10.41413564427568
15907,male,other,65-74,11,42021,42,1.3211174272225352
15907,male,black,75+,7,42021,42,-0.19842347631639168
15907,male,other,35-64,1,42021,42,6.039196786117402
15907,male,white,0-17,8,42021,42,-6.954834758907218
15907,female,white,75+,7,42021,42,15.044437648382925
15907,female,other,18-34,9,42021,42,3.6682889538018406
15907,female,black,75+,6,42021,42,9.258361321597
15907,male,black,75+,4,42021,42,11.604230235856951
15907,male,white,35-64,4,42021,42,3.861129447869259
15907,male,white,75+,8,42021,42,0.7316783882868652
15907,female,white,18-34,8,42021,42,4.166364200101112
15907,male,other,75+,3,42021,42,6.133705744011453
15907,male,white,35-64,5,42021,42,-0.9723004063626834
15907,male,other,35-64,8,42021,42,1.336101631618977
15907,male,black,18-34,11,42021,42,-7.859912722837728
15907,male,white,75+,10,42021,42,-1.6187419071430882
15907,male,other,0-17,3,42021,42,2.6111135954628795
15907,female,white,65-74,2,42021,42,-0.783491563575716
15907,female,white,0-17,12,42021,42,7.598509834169104
15907,male,white,65-74,12,42021,42,-5.209381193186658
15907,female,other,75+,4,42021,42,6.378644101385746
15907,male,other,65-74,5,42021,42,-7.612768591928797
15907,female,other,35-64,10,42021,42,6.338675735445899
15907,male,black,75+,6,42021,42,-0.00508649453586329
15907,female,black,75+,7,42021,42,3.2570089516795404
15907,male,white,35-64,9,42021,42,8.872582830213883
15907,female,white,18-34,8,42021,42,5.17895851412721
15907,male,black,65-74,9,42021,42,5.666931009568423
15907,male,white,65-74,8,42021,42,3.738655285210697
15907,male,other,75+,7,42021,42,6.809632615405029
15907,male,black,0-17,11,42021,42,5.328697060817742
15907,male,black,18-34,2,42021,42,-1.6935899605219027
15907,male,white,75+,4,42021,42,11.658672740960409
15907,female,white,0-17,6,42021,42,12.286921542106672
15907,male,white,75+,8,42021,42,5.113610972319393
15907,male,black,75+,3,42021,42,5.790338030020381
15907,female,white,18-34,7,42021,42,2.8143311252725782
15907,female,other,18-34,10,42021,42,4.0383525443072275
15907,male,other,65-74,9,42021,42,-3.611885315923959
15907,male,black,65-74,2,42021,42,3.028161061473229
15907,female,black,75+,11,42021,42,8.191607791485506
15907,female,other,75+,10,42021,42,8.102594490114525
15907,male,black,75+,2,42021,42,2.4127158764132774
15907,female,other,75+,2,42021,42,10.425606985654202
15907,male,white,65-74,2,42021,42,-0.5370079576141555
15907,female,white,65-74,5,42021,42,4.179620137161195
15907,female,other,35-64,1,42021,42,7.241376157685424
15907,female,black,0-17,11,42021,42,6.543589450804206
15907,male,white,0-17,12,42021,42,-0.8850700297318737
15907,male,other,35-64,4,42021,42,5.894352044878962
15907,female,black,35-64,11,42021,42,0.2171871889527388
15909,female,white,35-64,11,42021,42,4.970628475322233
15909,female,black,0-17,9,42021,42,8.605433838640282
15909,male,white,75+,8,42021,42,7.9796909158968194
15909,female,other,0-17,1,42021,42,8.346088744528881
15909,female,other,0-17,10,42021,42,0.8518632627289753
15909,male,white,65-74,10,42021,42,5.267437687958403
15909,male,white,35-64,9,42021,42,-0.15121628812488508
15909,male,black,35-64,3,42021,42,-2.787638977833612
15909,female,white,18-34,5,42021,42,2.611577001418484
15909,female,black,35-64,5,42021,42,-2.495288157582687
15909,male,other,35-64,5,42021,42,-2.6543465680483447
15909,female,other,35-64,10,42021,42,0.9156240031332484
15909,female,other,75+,12,42021,42,9.526333376199531
15909,male,white,65-74,2,42021,42,-7.985386733827978
15909,female,black,18-34,8,42021,42,6.720471468274417
15909,female,other,35-64,12,42021,42,7.075342756215037
15909,female,white,0-17,6,42021,42,6.399644546214885
15909,female,black,18-34,3,42021,42,15.49128978508448
15909,male,black,35-64,11,42021,42,9.736263004562508
15909,female,black,65-74,7,42021,42,-0.6107783336869308
15909,male,black,35-64,10,42021,42,5.604943054703174
15909,male,other,18-34,2,42021,42,2.8585424571245026
15909,male,black,75+,11,42021,42,1.6013436476421132
15909,female,other,65-74,12,42021,42,0.4344667386731426
15909,male,black,65-74,2,42021,42,6.402051066638761
15909,male,black,18-34,9,42021,42,-10.377385974685469
15909,female,white,75+,4,42021,42,-1.3767240431847316
15909,female,white,65-74,6,42021,42,5.354334026415944
15909,female,other,18-34,2,42021,42,2.4998213932510867
15909,female,other,75+,5,42021,42,2.019333795915468
15909,male,other,35-64,3,42021,42,2.193058319608096
15909,male,other,75+,4,42021,42,3.6729746657687
15909,male,black,65-74,1,42021,42,-4.854615401027623
15909,female,white,18-34,6,42021,42,2.2566730336486054
15909,male,white,75+,2,42021,42,12.050486708976385
15909,female,other,0-17,1,42021,42,0.48019155269530334
15909,female,white,65-74,7,42021,42,2.205471694960175
15909,male,other,0-17,5,42021,42,0.21536691181623535
15909,male,other,0-17,7,42021,42,4.662191630069409
15909,female,white,75+,12,42021,42,2.763927707651599
15909,female,white,0-17,3,42021,42,-0.15821268930395327
15909,male,white,0-17,4,42021,42,12.415686297888485
15909,male,black,18-34,7,42021,42,-0.3983414867533177
15909,female,black,18-34,5,42021,42,6.823064445219581
15909,female,other,18-34,5,42021,42,2.9070313129402656
15909,male,white,18-34,1,42021,42,10.265961102643717
15909,male,white,75+,5,42021,42,7.940381393228908
15909,female,white,75+,1,42021,42,8.76964905790695
15909,female,white,75+,9,42021,42,5.538824897853822
15909,male,black,65-74,4,42021,42,11.76776869503262
15909,male,other,35-64,1,42021,42,9.096478266418238
15909,female,black,35-64,1,42021,42,7.462974851910289
15909,female,white,35-64,8,42021,42,7.984369496824264
15909,female,black,65-74,6,42021,42,-6.5240145823833835
15909,male,white,75+,10,42021,42,4.575172304297636
15909,male,black,0-17,5,42021,42,-1.5337699033210348
15909,male,white,18-34,6,42021,42,-4.463240396352631
15909,female,white,35-64,9,42021,42,8.07262569807422
15909,female,black,18-34,5,42021,42,7.95329697716325
15909,male,white,65-74,6,42021,42,-4.5600236758037624
15909,female,black,0-17,8,42021,42,7.424739945969486
15909,male,black,75+,11,42021,42,1.1126314798218075
15909,female,black,35-64,3,42021,42,5.203528971030928
15909,male,white,35-64,11,42021,42,12.13030740029816
15909,male,white,35-64,3,42021,42,5.433948505399758
15909,female,white,35-64,5,42021,42,1.087384412374525
15909,female,white,35-64,11,42021,42,4.711278023184175
15909,female,black,18-34,1,42021,42,11.402624623688098
15909,female,white,35-64,1,42021,42,5.903719467877064
15909,female,white,0-17,4,42021,42,11.398361966027178
15909,female,white,65-74,3,42021,42,0.21951701411011992
15909,male,other,18-34,10,42021,42,-1.862072730793789
15909,female,white,0-17,3,42021,42,2.042880234178691
15909,male,white,0-17,11,42021,42,8.247564572242702
15909,male,other,35-64,10,42021,42,-1.2432853299263336
15909,male,black,65-74,2,42021,42,-1.5992012090145302
15909,male,other,35-64,8,42021,42,4.740266547070008
15909,female,white,75+,5,42021,42,7.209409136985651
15909,female,white,0-17,2,42021,42,9.456383433351132
15909,male,white,18-34,8,42021,42,-8.556774673941248
15909,female,white,65-74,4,42021,42,4.1816859817138505
15909,female,black,75+,8,42021,42,7.388270802093952
15909,male,white,75+,8,42021,42,7.177618964520036
15909,male,black,18-34,7,42021,42,5.083373027378005
15909,male,white,0-17,5,42021,42,10.297002465337124
15909,female,white,35-64,12,42021,42,7.570964208152884
15909,male,black,65-74,7,42021,42,3.8945568362729337
15909,male,black,35-64,12,42021,42,-4.915886184841957
15909,male,other,65-74,12,42021,42,-8.713616054548794
15909,female,other,0-17,11,42021,42,3.87889184952846
15909,male,black,65-74,8,42021,42,2.397112185348976
15909,female,black,18-34,6,42021,42,13.55923374335975
15909,female,white,35-64,7,42021,42,5.69468490873405
15909,female,black,0-17,3,42021,42,-6.718264509572436
15920,male,other,75+,7,42063,42,14.86699355472141
15920,male,white,65-74,1,42063,42,-4.283488223107579
15920,male,white,35-64,3,42063,42,-1.8723402468133417
15920,female,other,75+,7,42063,42,7.466876486560943
15920,female,other,75+,5,42063,42,9.796686206702642
15920,female,other,18-34,6,42063,42,1.5895398134015717
15920,female,black,75+,1,42063,42,2.926947522304249
15920,male,white,18-34,2,42063,42,-0.05644967790710931
15920,male,black,65-74,11,42063,42,5.251786984252257
15920,male,black,18-34,3,42063,42,1.6838595360704465
15920,female,other,35-64,6,42063,42,6.662067373456472
15920,male,black,65-74,11,42063,42,14.074467047579567
15920,male,white,65-74,8,42063,42,-5.740339966513483
15920,male,other,35-64,6,42063,42,7.013684126098209
15920,male,black,65-74,7,42063,42,-1.3425101060483082
15920,female,white,0-17,1,42063,42,8.1792267239058
15920,male,white,18-34,10,42063,42,6.663544931286495
15920,female,white,0-17,4,42063,42,-1.8564434022246887
15920,female,black,35-64,7,42063,42,4.9720618479602585
15920,male,white,0-17,5,42063,42,-1.1414523672532195
15920,female,other,35-64,4,42063,42,-6.246897500906763
15920,female,white,18-34,11,42063,42,-5.025801983137143
15920,female,other,35-64,10,42063,42,6.648322005187631
15920,female,white,0-17,6,42063,42,3.057084573461478
15920,female,other,18-34,10,42063,42,11.735096929359967
15920,female,black,0-17,2,42063,42,1.402824337158414
15920,female,white,75+,12,42063,42,7.02750347087655
15920,female,black,35-64,3,42063,42,0.36990828343367177
15920,female,white,0-17,9,42063,42,3.4018267597533356
15920,male,black,75+,9,42063,42,4.54898530866682
15920,female,black,18-34,10,42063,42,11.824414344799749
15920,male,black,0-17,3,42063,42,7.397837516757798
15920,male,white,65-74,10,42063,42,6.626127712622593
15920,male,other,75+,12,42063,42,-5.601966216103447
15920,male,black,65-74,9,42063,42,-3.1391042328738044
15920,male,other,0-17,2,42063,42,0.03039062083809929
15920,male,other,65-74,9,42063,42,4.162140779670926
15920,female,black,35-64,5,42063,42,-3.7834571458189785
15920,female,black,18-34,2,42063,42,2.1897532019864605
15920,female,white,35-64,4,42063,42,1.758052473655058
15920,female,white,65-74,3,42063,42,8.082196374862399
15920,female,black,18-34,4,42063,42,17.0610066273583
15920,male,white,75+,6,42063,42,-3.4224388242146193
15920,female,other,75+,5,42063,42,-0.32496165024922696
15920,male,other,75+,3,42063,42,10.444153436701791
15920,female,white,75+,3,42063,42,2.525507334819644
15920,female,white,18-34,11,42063,42,12.191030239321895
15920,female,black,35-64,6,42063,42,12.188869829922522
15920,male,other,65-74,5,42063,42,-2.7254867811689496
15920,male,other,18-34,4,42063,42,1.358459296259201
15920,female,black,35-64,5,42063,42,8.966282135952472
15920,female,white,75+,5,42063,42,6.7899961597631036
15920,male,white,35-64,6,42063,42,2.8713244713293973
15920,female,other,65-74,4,42063,42,4.677064403465455
15920,male,black,75+,8,42063,42,1.7768827810155725
15920,male,white,75+,2,42063,42,4.855573788328865
15920,male,white,0-17,4,42063,42,2.044048069301833
15920,male,other,18-34,2,42063,42,5.409639702364064
15920,male,white,0-17,8,42063,42,10.393242531168744
15920,female,other,35-64,5,42063,42,-0.24960843543023437
15920,male,white,18-34,8,42063,42,-3.8548365188245906
15920,male,black,65-74,7,42063,42,10.254632478172688
15920,male,other,35-64,6,42063,42,5.627634554756492
15920,male,white,65-74,6,42063,42,-1.9892401436236768
15920,female,white,0-17,8,42063,42,0.6092396521713543
15920,female,other,35-64,9,42063,42,-2.34736661500248
15920,female,white,75+,6,42063,42,6.462804761643034
15920,female,other,0-17,10,42063,42,3.926153275451172
15920,male,white,35-64,6,42063,42,-2.096996373717705
15920,male,white,18-34,1,42063,42,4.708671946257288
15920,female,other,35-64,2,42063,42,7.062480515442869
15920,female,other,35-64,5,42063,42,8.618839427289917
15920,male,other,75+,4,42063,42,3.3787144301895577
15920,male,white,18-34,12,42063,42,1.5828310876819718
15920,female,white,35-64,5,42063,42,-0.922653645863612
15920,male,black,0-17,2,42063,42,-7.129855977915215
15920,female,black,75+,12,42063,42,3.9142028951093097
15920,female,white,18-34,11,42063,42,11.909564777416444
15920,male,other,18-34,12,42063,42,2.3361135458681908
15920,female,white,65-74,11,42063,42,2.9798819414325757
15920,male,other,75+,4,42063,42,1.3037098990139508
15920,male,white,75+,8,42063,42,-2.9825716437120695
15920,female,black,75+,8,42063,42,8.549357555256895
15920,male,other,0-17,9,42063,42,3.2087907535435
15920,female,other,35-64,2,42063,42,13.167324137736497
15920,female,white,35-64,5,42063,42,4.979294044825359
15920,male,other,18-34,8,42063,42,1.69048335696208
15920,female,other,18-34,4,42063,42,4.740027386819933
15920,female,other,18-34,8,42063,42,2.4569643760768467
15920,female,white,0-17,10,42063,42,4.728316384445437
15920,female,other,18-34,10,42063,42,13.010653450444302
15920,male,black,0-17,4,42063,42,7.762082717233531
15920,female,white,65-74,6,42063,42,7.0192694272584
15920,female,black,0-17,11,42063,42,4.7653016872311085
15920,female,black,75+,1,42063,42,4.188231728506857
15920,female,other,0-17,11,42063,42,7.413913496960392
15920,female,other,18-34,5,42063,42,1.2271060144433306
15920,female,black,35-64,8,42063,42,9.110987490063875
15920,male,other,75+,2,42063,42,9.485401810054402
15920,male,other,0-17,3,42063,42,9.922450840773068
15920,female,black,0-17,8,42063,42,10.753278425361056
15920,female,other,18-34,2,42063,42,4.202210875846707
15920,female,black,65-74,5,42063,42,1.3133089548268848
15920,female,white,0-17,5,42063,42,2.420844921623776
15920,female,white,75+,3,42063,42,-0.00803324394174698
15920,male,other,18-34,7,42063,42,-0.7638140110917933
15920,female,black,18-34,11,42063,42,9.245420873378125
15920,male,black,75+,2,42063,42,6.229874875564689
15920,female,other,65-74,9,42063,42,10.546550644649502
15920,male,other,65-74,2,42063,42,3.315988359644537
15920,male,other,35-64,6,42063,42,-3.043737361215809
15920,male,other,35-64,12,42063,42,7.0923194384241395
15920,female,white,35-64,4,42063,42,2.503966275781245
15921,male,white,0-17,12,42021,42,-7.813142695816256
15921,female,other,75+,3,42021,42,3.3308961581433394
15921,female,other,35-64,7,42021,42,7.917147263932954
15921,male,black,35-64,12,42021,42,-4.006453722026691
15921,male,black,18-34,10,42021,42,2.162206307898672
15921,male,white,35-64,1,42021,42,0.5223447148234008
15921,female,black,35-64,5,42021,42,4.335857180155367
15921,male,white,0-17,11,42021,42,9.86199500444278
15921,female,white,65-74,3,42021,42,6.9736584446577545
15921,female,other,35-64,6,42021,42,0.8850697653800017
15921,male,white,65-74,7,42021,42,3.686990209236921
15921,female,black,0-17,1,42021,42,14.235382836911432
15921,male,white,0-17,6,42021,42,0.0985697825833527
15921,female,black,35-64,1,42021,42,4.601596170925657
15921,male,other,0-17,4,42021,42,6.6634437363063235
15921,male,other,0-17,9,42021,42,-1.8345151979312144
15921,male,white,0-17,7,42021,42,8.666916037201338
15921,female,white,75+,4,42021,42,-0.28605766166496593
15921,female,other,18-34,1,42021,42,8.776559923436572
15921,female,black,18-34,12,42021,42,-0.4518306356691859
15921,female,black,75+,5,42021,42,4.7594096247599404
15921,male,white,75+,7,42021,42,2.1378896800502645
15921,male,black,65-74,10,42021,42,9.281679358377463
15921,male,black,18-34,9,42021,42,3.037092346663175
15921,male,other,35-64,12,42021,42,14.33392412720219
15921,female,black,18-34,5,42021,42,-4.29871740047433
15921,female,white,35-64,7,42021,42,2.812578630873737
15921,male,other,18-34,3,42021,42,2.2268630478175675
15921,male,other,35-64,1,42021,42,0.7424091546209128
15921,female,black,75+,11,42021,42,5.340315901942117
15921,female,black,35-64,11,42021,42,17.48922330459097
15921,male,white,0-17,10,42021,42,-2.374932397051233
15921,male,white,65-74,5,42021,42,6.201450623292037
15921,male,white,75+,8,42021,42,4.2851914300142155
15921,male,black,35-64,6,42021,42,-4.037305821769785
15921,female,other,18-34,5,42021,42,11.509176844280326
15921,male,other,18-34,1,42021,42,2.61905257570674
15921,female,black,18-34,4,42021,42,8.193142500576732
15921,male,black,75+,4,42021,42,6.964441410247575
15921,male,black,65-74,9,42021,42,10.606619331074157
15921,male,black,0-17,10,42021,42,5.724188425634593
15921,male,other,18-34,2,42021,42,5.513810941949269
15921,male,black,35-64,7,42021,42,-3.687016801578852
15921,male,white,0-17,8,42021,42,-0.356731463549008
15921,male,other,35-64,11,42021,42,3.945912650460366
15921,female,black,35-64,10,42021,42,-1.5700011789920714
15921,male,other,35-64,7,42021,42,5.255090416105516
15921,female,other,0-17,8,42021,42,5.065035135609015
15921,female,black,75+,7,42021,42,1.2749029844881603
15921,female,white,0-17,11,42021,42,15.877957174536457
15921,female,black,35-64,11,42021,42,12.891557770599086
15921,male,black,75+,11,42021,42,11.634930780733615
15921,male,black,65-74,6,42021,42,3.616252879324685
15921,female,other,18-34,11,42021,42,-1.97084561052979
15921,female,black,65-74,6,42021,42,-1.4797306750472083
15921,female,white,65-74,3,42021,42,4.852062618970211
15921,male,black,75+,1,42021,42,2.1393541688571105
15921,female,other,0-17,4,42021,42,13.548995087811964
15921,male,other,65-74,3,42021,42,-5.585349518257205
15921,female,white,18-34,3,42021,42,10.72029964534197
15921,female,black,18-34,7,42021,42,4.681380003227329
15921,female,other,0-17,5,42021,42,-3.38556457292706
15921,male,other,75+,11,42021,42,5.952151016345474
15921,male,other,35-64,1,42021,42,8.662922576636129
15921,female,white,35-64,10,42021,42,14.597667694970932
15921,male,black,18-34,11,42021,42,4.987901166782551
15921,female,other,75+,8,42021,42,5.684542751804801
15921,female,other,75+,8,42021,42,-1.5337191555868257
15921,female,other,75+,2,42021,42,0.4673893853240578
15921,female,other,75+,12,42021,42,0.29247126017246305
15921,male,other,75+,12,42021,42,-0.03988000423308913
15921,male,other,0-17,2,42021,42,-2.0422949788578193
15921,male,other,18-34,8,42021,42,6.478276596175614
15921,male,black,75+,6,42021,42,8.339869423849308
15921,female,white,35-64,1,42021,42,5.47232060567947
15921,female,white,65-74,6,42021,42,0.26544767647435163
15921,female,white,18-34,8,42021,42,3.396422312973438
15921,male,black,0-17,4,42021,42,8.24685445699978
15921,male,white,0-17,1,42021,42,4.992953527602282
15921,male,other,65-74,5,42021,42,3.296213589693793
15921,female,black,35-64,1,42021,42,4.696647711910991
15921,male,other,0-17,2,42021,42,9.717135187544711
15921,male,black,35-64,7,42021,42,-5.3122610843579885
15921,female,other,75+,8,42021,42,0.3518172436921754
15921,male,other,75+,6,42021,42,5.162455101380312
15921,male,other,35-64,2,42021,42,-7.834941827417316
15921,male,other,35-64,7,42021,42,1.694175959714341
15921,male,other,0-17,1,42021,42,0.00743833294540152
15921,male,other,18-34,11,42021,42,-4.5161395419738914
15921,male,other,35-64,11,42021,42,0.7309195943074656
15921,female,black,65-74,6,42021,42,-3.668329609318647
15921,male,other,18-34,12,42021,42,-5.4013416190826815
15921,female,other,0-17,8,42021,42,7.622631484544124
15922,male,black,18-34,8,42021,42,-0.333094035543541
15922,male,black,0-17,11,42021,42,8.350984485800094
15922,female,black,35-64,1,42021,42,2.9366569433505925
15922,male,other,75+,7,42021,42,1.4445851123415372
15922,male,other,75+,9,42021,42,6.102205007817818
15922,male,other,65-74,5,42021,42,0.8838625491890314
15922,female,white,75+,4,42021,42,1.6658857431501648
15922,female,black,75+,4,42021,42,6.635999970936463
15922,female,white,65-74,9,42021,42,0.9611961367731294
15922,male,black,18-34,1,42021,42,8.794171569543295
15922,female,black,35-64,4,42021,42,4.956377114227547
15922,male,other,18-34,2,42021,42,-7.372748539363541
15922,male,other,35-64,2,42021,42,-3.8561929392815544
15922,male,black,75+,5,42021,42,-1.237041538521467
15922,female,other,35-64,8,42021,42,-0.24706091968166088
15922,female,black,18-34,7,42021,42,8.386274333336075
15922,male,other,75+,12,42021,42,8.800427185932993
15922,male,other,75+,7,42021,42,-6.55027680575
15922,male,black,35-64,10,42021,42,-0.6786873634635988
15922,male,black,75+,8,42021,42,-1.6968865847521153
15922,female,other,18-34,3,42021,42,12.018733947003437
15922,male,black,18-34,9,42021,42,4.898380317927803
15922,male,black,0-17,2,42021,42,5.105650805105302
15922,female,white,35-64,9,42021,42,9.640568458379146
15922,female,other,75+,2,42021,42,7.401230448955042
15922,female,other,18-34,9,42021,42,-4.594439687768447
15922,male,black,75+,10,42021,42,8.60980590588512
15922,male,black,75+,11,42021,42,7.659491856532124
15922,female,black,75+,4,42021,42,8.629146695424517
15922,male,white,35-64,7,42021,42,2.6486024687048113
15922,female,black,35-64,3,42021,42,10.155460783992057
15922,female,white,65-74,12,42021,42,8.78384400655463
15922,male,black,35-64,6,42021,42,-6.616226383146552
15922,female,white,18-34,5,42021,42,6.279450712966656
15922,male,black,35-64,3,42021,42,-8.81913915593185
15922,male,other,75+,2,42021,42,1.9743942995430048
15922,male,other,18-34,2,42021,42,9.570363005549307
15922,female,other,75+,7,42021,42,6.053689840075224
15922,female,other,65-74,6,42021,42,3.49180143008557
15922,female,other,35-64,7,42021,42,-0.8491386963367367
15922,female,black,65-74,8,42021,42,3.5873783465044986
15922,female,other,35-64,12,42021,42,2.851619484945004
15922,female,white,65-74,4,42021,42,1.7693402200120776
15922,female,black,18-34,1,42021,42,0.8601755963809508
15922,female,other,0-17,11,42021,42,5.506186047319283
15922,male,black,0-17,6,42021,42,-2.3945108405762427
15922,male,black,18-34,2,42021,42,8.134144844490368
15922,male,black,75+,2,42021,42,-2.866508281061761
15922,male,black,0-17,12,42021,42,6.549597026189807
15922,female,other,65-74,8,42021,42,4.689320428187559
15922,female,black,18-34,4,42021,42,6.69213711304424
15922,female,white,75+,5,42021,42,0.04927983348225062
15922,male,other,18-34,2,42021,42,-8.866275204143502
15922,male,other,75+,4,42021,42,4.640044134998782
15922,female,white,75+,7,42021,42,7.776179315103948
15922,male,white,18-34,6,42021,42,2.1296550301046357
15922,female,black,35-64,6,42021,42,11.792363179283043
15922,male,other,65-74,9,42021,42,12.72314865433643
15922,female,black,75+,2,42021,42,8.039637695794847
15922,female,other,18-34,12,42021,42,3.556376817598887
15922,male,white,75+,3,42021,42,10.042232899974364
15922,male,white,75+,12,42021,42,7.27381424662212
15922,female,white,65-74,1,42021,42,-4.014365101802926
15922,male,white,18-34,6,42021,42,1.0369955528528283
15922,male,other,18-34,1,42021,42,2.531396125725739
15922,male,other,35-64,10,42021,42,8.98553605755402
15922,male,white,65-74,6,42021,42,-1.5777937750215032
15922,female,other,65-74,4,42021,42,5.935194008451875
15922,female,other,35-64,4,42021,42,11.883220746971585
15922,male,other,0-17,9,42021,42,-1.0245363887296255
15922,female,white,75+,2,42021,42,2.242392122282373
15922,male,white,18-34,8,42021,42,-4.820023290462871
15922,male,black,0-17,3,42021,42,7.351148710380242
15922,male,other,75+,4,42021,42,2.341260155947743
15922,female,white,18-34,4,42021,42,2.8837057422745103
15922,female,white,75+,3,42021,42,7.025820103846019
15922,male,white,35-64,9,42021,42,2.6058179220987845
15922,male,black,0-17,6,42021,42,11.210085690503613
15922,male,other,35-64,6,42021,42,-0.39395401832346
15922,female,white,35-64,3,42021,42,3.641115580232584
15922,male,other,75+,4,42021,42,9.487472525639877
15922,female,black,0-17,6,42021,42,4.01197979254404
15922,male,black,0-17,9,42021,42,1.329060945891257
15922,female,other,18-34,7,42021,42,0.26459470688317754
15922,male,white,75+,11,42021,42,10.018665556187427
15922,female,other,35-64,11,42021,42,5.250575683087859
15922,male,black,0-17,2,42021,42,-0.34308820919854277
15922,male,black,18-34,12,42021,42,-0.3007070341276905
15922,female,other,65-74,3,42021,42,9.154513696659023
15922,female,other,75+,3,42021,42,7.96708455642594
15922,female,black,65-74,4,42021,42,8.628442201914968
15922,male,white,0-17,7,42021,42,10.00535786534743
15922,male,other,18-34,9,42021,42,2.964833899110326
15922,male,white,0-17,6,42021,42,1.209154378121219
15922,female,black,35-64,7,42021,42,10.94727162875077
15922,female,black,75+,12,42021,42,6.294449729656488
15922,female,black,35-64,8,42021,42,4.232941992836595
15922,female,other,35-64,11,42021,42,4.1173584368929115
15922,male,black,75+,9,42021,42,4.65490775887499
15922,female,other,65-74,8,42021,42,-1.2533511150211796
15922,male,other,65-74,3,42021,42,1.125666536027572
15922,male,white,0-17,12,42021,42,2.074578663776208
15922,female,black,65-74,8,42021,42,0.5633271804399529
15922,male,black,65-74,9,42021,42,7.577412014149806
15922,male,other,65-74,4,42021,42,5.137234818577358
15922,female,black,75+,3,42021,42,5.414125055499159
15922,female,black,0-17,9,42021,42,12.651733862186198
15922,female,black,0-17,9,42021,42,7.547074697459976
15922,male,white,0-17,9,42021,42,2.089142533693096
15922,male,white,0-17,11,42021,42,5.938855137439155
15922,female,other,18-34,10,42021,42,7.506857438174551
15922,male,other,75+,1,42021,42,9.096147084270235
15922,female,black,65-74,2,42021,42,6.860908464133882
15922,female,white,75+,6,42021,42,-5.650426823256272
15923,male,black,75+,8,42129,42,1.774235999345708
15923,female,black,65-74,7,42129,42,3.516507943089277
15923,female,other,75+,12,42129,42,0.7086710362482842
15923,female,other,0-17,3,42129,42,12.958740216816055
15923,female,black,18-34,2,42129,42,5.386527417055702
15923,female,other,35-64,1,42129,42,4.8375405208943345
15923,male,black,0-17,9,42129,42,5.405899576543369
15923,female,black,35-64,11,42129,42,11.069432508019274
15923,male,white,18-34,10,42129,42,-5.042349310805624
15923,female,black,0-17,4,42129,42,1.960711894180771
15923,male,other,0-17,5,42129,42,3.758538779527381
15923,male,other,35-64,10,42129,42,-5.913973737216985
15923,female,black,0-17,12,42129,42,5.271227269210945
15923,female,other,65-74,10,42129,42,7.91306915567557
15923,female,other,65-74,9,42129,42,1.552264694987393
15923,female,white,0-17,9,42129,42,7.855211909608132
15923,male,white,65-74,9,42129,42,0.5868752439881728
15923,male,white,65-74,4,42129,42,9.918426597673344
15923,male,black,0-17,4,42129,42,2.2469755328274568
15923,female,black,65-74,5,42129,42,2.4716626511940345
15923,female,white,0-17,4,42129,42,5.401869575962495
15923,female,white,18-34,4,42129,42,4.141100651483415
15923,male,other,35-64,6,42129,42,5.283486950449304
15923,female,black,75+,1,42129,42,8.055204884593033
15923,male,other,35-64,9,42129,42,8.868108896049828
15923,female,white,75+,3,42129,42,5.890850421063731
15923,female,black,75+,9,42129,42,4.804826324796002
15923,male,other,0-17,1,42129,42,15.078469680194424
15923,female,black,18-34,6,42129,42,3.401636217904503
15923,male,black,75+,5,42129,42,0.4341548851702592
15923,female,white,35-64,12,42129,42,11.975566332865434
15923,female,black,65-74,5,42129,42,2.496513510250045
15923,male,white,0-17,2,42129,42,0.6256001011776307
15923,male,black,0-17,1,42129,42,11.495513129211131
15923,female,other,65-74,9,42129,42,-4.843482593353324
15923,male,white,35-64,3,42129,42,5.935065657800237
15923,male,other,35-64,8,42129,42,3.4493902772822036
15923,male,black,35-64,4,42129,42,6.239517236507749
15923,male,black,0-17,6,42129,42,-0.3665458271108149
15923,male,white,75+,10,42129,42,6.246935473323795
15923,male,other,65-74,5,42129,42,1.2354163497217634
15923,female,black,65-74,10,42129,42,-4.891938610343603
15923,female,other,35-64,1,42129,42,10.999223464832063
15923,female,white,18-34,7,42129,42,0.05859674539255355
15923,female,other,75+,12,42129,42,6.81579356282506
15923,female,white,0-17,10,42129,42,5.034733979302776
15923,female,white,65-74,11,42129,42,2.17060410715706
15923,female,other,0-17,2,42129,42,1.5688390637940692
15923,female,black,75+,3,42129,42,5.011815032583902
15923,female,black,65-74,12,42129,42,4.744704329407741
15923,female,other,18-34,7,42129,42,12.504787596056124
15923,male,white,18-34,6,42129,42,11.54343943799354
15923,male,black,65-74,4,42129,42,2.896848542065157
15923,male,other,0-17,8,42129,42,9.670435507229811
15923,male,white,18-34,11,42129,42,-11.072018739439777
15923,male,black,18-34,7,42129,42,11.755845046353024
15923,female,other,75+,11,42129,42,6.582935222560351
15923,male,black,35-64,8,42129,42,5.1303502781702806
15923,male,white,35-64,10,42129,42,7.810581765975165
15923,female,other,0-17,3,42129,42,8.723531275863422
15923,female,white,0-17,6,42129,42,9.940201978255152
15923,female,other,75+,1,42129,42,1.668529442460038
15923,male,other,35-64,3,42129,42,5.729075853518809
15923,female,white,0-17,9,42129,42,7.9814281031021554
15923,female,white,65-74,4,42129,42,5.918760924625325
15923,male,white,65-74,9,42129,42,0.6104488732914757
15923,male,other,35-64,2,42129,42,1.750923790562783
15923,female,white,65-74,4,42129,42,1.8445726010891836
15923,male,other,35-64,1,42129,42,3.1584916883803738
15923,male,black,0-17,7,42129,42,3.803396959674788
15923,female,other,35-64,5,42129,42,5.869601548435995
15923,male,black,75+,10,42129,42,10.414775365253217
15923,female,black,18-34,12,42129,42,4.034069855386322
15923,male,white,18-34,11,42129,42,4.668020081067807
15923,female,other,35-64,12,42129,42,6.974753374426218
15923,male,white,35-64,7,42129,42,-2.584199645415225
15923,male,white,65-74,4,42129,42,6.160443385649186
15923,female,black,0-17,9,42129,42,4.6559861345730305
15923,male,white,18-34,8,42129,42,4.137915562253655
15923,male,other,35-64,12,42129,42,3.336677025067781
15923,female,other,75+,10,42129,42,-1.099764878350333
15923,male,other,18-34,11,42129,42,13.226684996837925
15923,male,black,0-17,4,42129,42,-1.1692423002659489
15923,female,black,75+,2,42129,42,5.80342053038572
15923,female,white,75+,4,42129,42,13.84209777121725
15923,female,black,75+,7,42129,42,7.695421228120628
15923,male,other,18-34,5,42129,42,6.02293404728562
15923,female,other,75+,6,42129,42,1.4913574584648748
15923,female,white,35-64,2,42129,42,-1.5487590983985111
15923,male,black,35-64,2,42129,42,9.279281907901463
15923,male,other,0-17,1,42129,42,2.5418671425499237
15923,female,black,35-64,2,42129,42,5.119558382214772
15924,male,other,75+,6,42111,42,-3.293373422822874
15924,male,black,65-74,3,42111,42,4.163000575709948
15924,male,other,0-17,10,42111,42,3.872508025696688
15924,female,other,0-17,7,42111,42,9.023614688234806
15924,female,white,35-64,3,42111,42,5.827988428490319
15924,male,black,75+,11,42111,42,1.326600256104273
15924,male,other,18-34,6,42111,42,9.904314082233071
15924,female,white,18-34,8,42111,42,13.327281676794836
15924,female,white,75+,1,42111,42,1.3587139709571998
15924,male,black,0-17,3,42111,42,6.217747001132597
15924,male,black,0-17,3,42111,42,7.723121520574992
15924,male,black,75+,2,42111,42,9.28017343280317
15924,male,white,65-74,9,42111,42,-4.365421837763964
15924,male,other,65-74,7,42111,42,-1.5792989053801652
15924,female,white,0-17,8,42111,42,6.693008355389565
15924,female,other,65-74,12,42111,42,9.708416632133211
15924,female,other,35-64,5,42111,42,1.4092569077454025
15924,male,black,65-74,3,42111,42,1.1736252903737026
15924,female,black,0-17,2,42111,42,9.002934980939592
15924,male,other,65-74,1,42111,42,12.78245626611705
15924,female,other,65-74,11,42111,42,6.315421783101668
15924,female,white,65-74,8,42111,42,13.806272742664198
15924,female,other,0-17,10,42111,42,4.872343097688678
15924,female,other,65-74,3,42111,42,0.952061183633932
15924,male,white,35-64,11,42111,42,-0.9023039012005594
15924,female,white,0-17,10,42111,42,-0.8887897392813047
15924,female,other,35-64,5,42111,42,3.106522660862326
15924,male,other,35-64,8,42111,42,3.510162156465222
15924,male,black,65-74,11,42111,42,2.607194420622613
15924,female,other,0-17,8,42111,42,6.965302713198833
15924,male,other,75+,7,42111,42,2.3021281947811136
15924,female,white,75+,6,42111,42,-4.247039743433538
15924,male,other,18-34,1,42111,42,9.466298809738753
15924,male,black,0-17,5,42111,42,7.062935104219285
15924,female,black,65-74,4,42111,42,0.2991522364560346
15924,female,other,18-34,6,42111,42,0.7013708512887256
15924,male,black,18-34,7,42111,42,2.5356505731345766
15924,male,black,65-74,4,42111,42,1.7589553307234058
15924,male,other,35-64,7,42111,42,-1.8246615801289896
15924,female,other,18-34,7,42111,42,2.1778522022630655
15924,male,black,35-64,9,42111,42,-3.1804849147847487
15924,male,white,18-34,4,42111,42,4.595921319411494
15924,female,black,75+,3,42111,42,7.6255071256416675
15924,male,white,18-34,2,42111,42,-0.7799640890331521
15924,male,other,0-17,8,42111,42,2.6519354073014374
15924,female,other,35-64,5,42111,42,6.641089636770111
15924,male,white,75+,11,42111,42,7.538291456951975
15924,female,other,65-74,10,42111,42,9.553411687726117
15924,female,black,75+,4,42111,42,0.3983193553820686
15924,female,white,75+,2,42111,42,6.323006116148245
15924,female,black,65-74,4,42111,42,2.066065627959406
15924,male,black,65-74,7,42111,42,4.6543204764637185
15924,male,white,0-17,10,42111,42,-0.7852846398777613
15924,male,white,0-17,12,42111,42,2.8667766470766436
15924,male,other,18-34,7,42111,42,10.782326964442872
15924,male,black,35-64,10,42111,42,13.22155127492674
15924,male,black,75+,10,42111,42,5.462866459167097
15924,male,white,35-64,5,42111,42,-8.468057413663104
15924,male,other,65-74,12,42111,42,-0.0073775176892985
15924,male,white,65-74,2,42111,42,3.991663829232882
15924,female,black,18-34,1,42111,42,5.038295888928141
15924,male,white,75+,3,42111,42,-4.743991310356188
15924,female,other,35-64,7,42111,42,6.341008498008346
15924,female,white,0-17,7,42111,42,8.378877205609552
15924,female,black,0-17,12,42111,42,3.9989460267316286
15924,male,black,75+,5,42111,42,12.652056708492792
15924,female,white,0-17,10,42111,42,10.159144867719142
15924,female,black,35-64,4,42111,42,12.55495211029666
15924,female,white,75+,1,42111,42,6.491012467361223
15924,male,black,18-34,6,42111,42,-2.374878648221328
15924,female,white,0-17,3,42111,42,3.319029275297856
15924,male,other,65-74,4,42111,42,7.9996594471856675
15924,male,white,75+,12,42111,42,5.300960953927088
15924,male,black,0-17,9,42111,42,-0.6904215336688475
15924,male,other,75+,8,42111,42,-4.333713508984522
15924,female,white,35-64,6,42111,42,-7.673715083607686
15924,female,white,65-74,2,42111,42,-0.6876736693194143
15924,female,white,18-34,6,42111,42,3.749120655698792
15924,male,other,35-64,1,42111,42,4.10343683264575
15924,male,other,75+,9,42111,42,-2.5689472000197004
15924,female,white,35-64,4,42111,42,13.382648370870694
15924,female,black,75+,3,42111,42,4.866116842440366
15924,male,other,65-74,3,42111,42,-0.2057192530957832
15924,male,other,0-17,11,42111,42,5.137627545148035
15924,female,black,35-64,6,42111,42,2.9920358009679484
15924,female,white,18-34,7,42111,42,1.32369747241319
15924,male,black,18-34,6,42111,42,-1.1732563855505391
15924,male,white,75+,2,42111,42,8.016408063761942
15924,male,black,18-34,9,42111,42,1.243102818403123
15924,female,black,0-17,1,42111,42,3.6387044056488937
