sex,race,age,zip,county,state,date,outcome
Female,Black,45,15922,42021,PA,2022-01-03,2.9366569433505925
Male,Other,51,15906,42021,PA,2022-01-03,8.855755512525748
Male,White,56,15921,42021,PA,2022-01-03,0.5223447148234008
Male,White,72,15920,42063,PA,2022-01-03,-4.283488223107579
Female,Other,66,15904,42021,PA,2022-01-03,5.259962125598092
Female,Other,12,15909,42021,PA,2022-01-03,8.346088744528881
Female,Black,1,15921,42021,PA,2022-01-03,14.235382836911432
Female,Black,61,15921,42021,PA,2022-01-03,4.601596170925657
Female,White,92,15924,42111,PA,2022-01-03,1.3587139709571998
Male,Black,18,15922,42021,PA,2022-01-03,8.794171569543295
Female,Black,88,15920,42063,PA,2022-01-03,2.926947522304249
Male,Black,4,15905,42021,PA,2022-01-03,1.7005894623781508
Male,Black,64,15905,42021,PA,2022-01-03,7.135430767404032
Female,Other,49,15923,42129,PA,2022-01-03,4.8375405208943345
Female,Other,30,15921,42021,PA,2022-01-03,8.776559923436572
Female,White,10,15904,42021,PA,2022-01-03,12.329792726153414
Female,White,14,15920,42063,PA,2022-01-03,8.1792267239058
Female,White,3,15904,42021,PA,2022-01-03,10.208796971827734
Male,White,72,15905,42021,PA,2022-01-03,0.8599198877768703
Female,Black,20,15905,42021,PA,2022-01-03,2.8096398467504766
Male,Other,69,15924,42111,PA,2022-01-03,12.78245626611705
Male,Other,53,15921,42021,PA,2022-01-03,0.7424091546209128
Male,Black,16,15904,42021,PA,2022-01-03,12.885272171484395
Male,Black,50,15907,42021,PA,2022-01-03,10.772490249972876
Male,Black,25,15905,42021,PA,2022-01-03,8.49412247115184
Female,Black,99,15923,42129,PA,2022-01-03,8.055204884593033
Female,White,99,15904,42021,PA,2022-01-03,17.84335714852977
Female,White,47,15906,42021,PA,2022-01-03,-0.00368654490027164
Male,Other,3,15923,42129,PA,2022-01-03,15.078469680194424
Female,Black,28,15922,42021,PA,2022-01-03,0.8601755963809508
Male,Black,65,15909,42021,PA,2022-01-03,-4.854615401027623
Male,Other,33,15921,42021,PA,2022-01-03,2.61905257570674
Male,White,90,15906,42021,PA,2022-01-03,6.28510557511136
Female,Other,9,15909,42021,PA,2022-01-03,0.48019155269530334
Male,Black,8,15923,42129,PA,2022-01-03,11.495513129211131
Female,Other,58,15923,42129,PA,2022-01-03,10.999223464832063
Male,Other,93,15904,42021,PA,2022-01-03,6.722213449342342
Male,Other,21,15924,42111,PA,2022-01-03,9.466298809738753
Male,Black,30,15904,42021,PA,2022-01-03,4.467528616160056
Female,White,2,15904,42021,PA,2022-01-03,-1.0547113951873737
Female,White,68,15922,42021,PA,2022-01-03,-4.014365101802926
Male,White,25,15909,42021,PA,2022-01-03,10.265961102643717
Male,Other,34,15922,42021,PA,2022-01-03,2.531396125725739
Male,White,69,15905,42021,PA,2022-01-03,-2.9530770288622055
Female,White,94,15909,42021,PA,2022-01-03,8.76964905790695
Male,Other,74,15905,42021,PA,2022-01-03,2.8689535939266504
Male,Black,82,15921,42021,PA,2022-01-03,2.1393541688571105
Male,Other,58,15909,42021,PA,2022-01-03,9.096478266418238
Female,Black,59,15909,42021,PA,2022-01-03,7.462974851910289
Male,White,31,15920,42063,PA,2022-01-03,4.708671946257288
Male,Other,56,15907,42021,PA,2022-01-03,6.039196786117402
Male,Other,62,15921,42021,PA,2022-01-03,8.662922576636129
Female,White,67,15905,42021,PA,2022-01-03,1.7422323966848272
Female,Black,27,15905,42021,PA,2022-01-03,11.566015434615892
Female,Other,84,15923,42129,PA,2022-01-03,1.668529442460038
Female,White,38,15921,42021,PA,2022-01-03,5.47232060567947
Female,Black,86,15906,42021,PA,2022-01-03,8.30762901062448
Male,Other,54,15923,42129,PA,2022-01-03,3.1584916883803738
Male,White,0,15921,42021,PA,2022-01-03,4.992953527602282
Female,Black,31,15909,42021,PA,2022-01-03,11.402624623688098
Female,Black,27,15924,42111,PA,2022-01-03,5.038295888928141
Female,White,61,15909,42021,PA,2022-01-03,5.903719467877064
Female,Black,41,15921,42021,PA,2022-01-03,4.696647711910991
Female,Black,95,15920,42063,PA,2022-01-03,4.188231728506857
Female,White,86,15924,42111,PA,2022-01-03,6.491012467361223
Male,Other,44,15924,42111,PA,2022-01-03,4.10343683264575
Female,Other,13,15905,42021,PA,2022-01-03,12.050011322262746
Female,Other,69,15905,42021,PA,2022-01-03,8.874802526655891
Male,Other,9,15921,42021,PA,2022-01-03,0.00743833294540152
Female,Other,8,15906,42021,PA,2022-01-03,7.3816389863003025
Female,Other,45,15907,42021,PA,2022-01-03,7.241376157685424
Male,White,81,15906,42021,PA,2022-01-03,-0.4246933276416405
Male,Other,82,15922,42021,PA,2022-01-03,9.096147084270235
Female,Black,2,15905,42021,PA,2022-01-03,5.523380690075046
Male,Other,1,15923,42129,PA,2022-01-03,2.5418671425499237
Female,Black,5,15924,42111,PA,2022-01-03,3.6387044056488937
Male,White,34,15906,42021,PA,2022-01-10,1.7734500112151612
Female,Other,51,15905,42021,PA,2022-01-10,5.936620422452523
Female,White,0,15904,42021,PA,2022-01-10,3.3790223146809866
Male,Other,33,15922,42021,PA,2022-01-10,-7.372748539363541
Male,Other,62,15922,42021,PA,2022-01-10,-3.8561929392815544
Male,White,24,15920,42063,PA,2022-01-10,-0.05644967790710931
Male,Black,83,15924,42111,PA,2022-01-10,9.28017343280317
Male,White,74,15909,42021,PA,2022-01-10,-7.985386733827978
Female,Black,23,15923,42129,PA,2022-01-10,5.386527417055702
Male,Black,68,15904,42021,PA,2022-01-10,4.1199330237939815
Male,Black,74,15905,42021,PA,2022-01-10,6.336251829388698
Male,White,66,15907,42021,PA,2022-01-10,3.1342413707047045
Male,Black,2,15922,42021,PA,2022-01-10,5.105650805105302
Female,White,16,15905,42021,PA,2022-01-10,3.4629272446426422
Female,Other,92,15922,42021,PA,2022-01-10,7.401230448955042
Male,White,14,15904,42021,PA,2022-01-10,-0.8187488748402401
Female,Black,10,15924,42111,PA,2022-01-10,9.002934980939592
Male,Black,59,15904,42021,PA,2022-01-10,14.518608430980406
Male,Black,65,15905,42021,PA,2022-01-10,3.819537857034078
Male,Other,23,15909,42021,PA,2022-01-10,2.8585424571245026
Female,Other,100,15905,42021,PA,2022-01-10,9.12977757712053
Male,Black,69,15909,42021,PA,2022-01-10,6.402051066638761
Male,Other,86,15922,42021,PA,2022-01-10,1.9743942995430048
Male,Other,22,15922,42021,PA,2022-01-10,9.570363005549307
Female,Other,30,15909,42021,PA,2022-01-10,2.4998213932510867
Female,Black,8,15920,42063,PA,2022-01-10,1.402824337158414
Male,Black,15,15907,42021,PA,2022-01-10,1.2523331486845557
Female,Other,50,15905,42021,PA,2022-01-10,4.547005716844559
Male,White,97,15909,42021,PA,2022-01-10,12.050486708976385
Male,Other,36,15906,42021,PA,2022-01-10,3.094647174383551
Male,Black,34,15922,42021,PA,2022-01-10,8.134144844490368
Male,White,62,15906,42021,PA,2022-01-10,-0.1986016397923498
Male,Black,81,15922,42021,PA,2022-01-10,-2.866508281061761
Male,White,17,15923,42129,PA,2022-01-10,0.6256001011776307
Male,White,16,15905,42021,PA,2022-01-10,4.483619763347061
Male,White,69,15906,42021,PA,2022-01-10,3.4112639979236707
Male,Other,22,15922,42021,PA,2022-01-10,-8.866275204143502
Male,Other,19,15921,42021,PA,2022-01-10,5.513810941949269
Male,Other,14,15920,42063,PA,2022-01-10,0.03039062083809929
Female,Black,19,15920,42063,PA,2022-01-10,2.1897532019864605
Male,Other,16,15907,42021,PA,2022-01-10,-1.1786681516702449
Female,Black,66,15907,42021,PA,2022-01-10,-0.31665406764560444
Male,Black,15,15904,42021,PA,2022-01-10,1.2468772942533226
Female,Black,85,15922,42021,PA,2022-01-10,8.039637695794847
Female,Other,2,15923,42129,PA,2022-01-10,1.5688390637940692
Female,Black,56,15907,42021,PA,2022-01-10,11.292188206689223
Male,White,82,15920,42063,PA,2022-01-10,4.855573788328865
Male,Other,31,15920,42063,PA,2022-01-10,5.409639702364064
Female,Other,33,15904,42021,PA,2022-01-10,7.120543943898269
Male,White,90,15905,42021,PA,2022-01-10,-1.1896465345310032
Male,White,24,15924,42111,PA,2022-01-10,-0.7799640890331521
Female,White,89,15922,42021,PA,2022-01-10,2.242392122282373
Female,Other,41,15920,42063,PA,2022-01-10,7.062480515442869
Female,White,90,15924,42111,PA,2022-01-10,6.323006116148245
Male,Black,9,15920,42063,PA,2022-01-10,-7.129855977915215
Female,Other,66,15905,42021,PA,2022-01-10,3.523685864201878
Female,Other,84,15921,42021,PA,2022-01-10,0.4673893853240578
Male,Other,8,15921,42021,PA,2022-01-10,-2.0422949788578193
Female,White,66,15907,42021,PA,2022-01-10,-0.783491563575716
Male,Other,51,15923,42129,PA,2022-01-10,1.750923790562783
Female,Other,59,15920,42063,PA,2022-01-10,13.167324137736497
Male,White,66,15924,42111,PA,2022-01-10,3.991663829232882
Male,Black,17,15922,42021,PA,2022-01-10,-0.34308820919854277
Male,Other,10,15921,42021,PA,2022-01-10,9.717135187544711
Female,Black,1,15906,42021,PA,2022-01-10,3.389145847554934
Female,White,44,15906,42021,PA,2022-01-10,4.726317881926349
Female,Black,29,15905,42021,PA,2022-01-10,7.759641624853757
Female,Other,1,15906,42021,PA,2022-01-10,10.060419866181922
Male,Black,69,15909,42021,PA,2022-01-10,-1.5992012090145302
Male,Black,34,15907,42021,PA,2022-01-10,-1.6935899605219027
Female,White,16,15909,42021,PA,2022-01-10,9.456383433351132
Female,White,95,15905,42021,PA,2022-01-10,1.831973042430271
Male,Other,99,15920,42063,PA,2022-01-10,9.485401810054402
Male,Black,66,15907,42021,PA,2022-01-10,3.028161061473229
Female,Other,21,15920,42063,PA,2022-01-10,4.202210875846707
Female,White,72,15924,42111,PA,2022-01-10,-0.6876736693194143
Female,Other,33,15906,42021,PA,2022-01-10,3.3510959599987276
Female,Black,1,15904,42021,PA,2022-01-10,18.519224794113555
Male,Other,40,15921,42021,PA,2022-01-10,-7.834941827417316
Female,Black,79,15923,42129,PA,2022-01-10,5.80342053038572
Male,Black,78,15907,42021,PA,2022-01-10,2.4127158764132774
Female,White,85,15906,42021,PA,2022-01-10,7.615842681379439
Female,Other,88,15907,42021,PA,2022-01-10,10.425606985654202
Male,Black,87,15920,42063,PA,2022-01-10,6.229874875564689
Male,White,65,15907,42021,PA,2022-01-10,-0.5370079576141555
Female,Other,6,15904,42021,PA,2022-01-10,15.399165185092109
Male,Black,34,15906,42021,PA,2022-01-10,-1.3492434748383637
Male,White,15,15906,42021,PA,2022-01-10,1.9285990829872344
Female,White,45,15923,42129,PA,2022-01-10,-1.5487590983985111
Male,White,95,15924,42111,PA,2022-01-10,8.016408063761942
Female,Black,87,15906,42021,PA,2022-01-10,8.083721318050808
Male,Other,72,15920,42063,PA,2022-01-10,3.315988359644537
Female,Black,71,15922,42021,PA,2022-01-10,6.860908464133882
Male,Black,58,15923,42129,PA,2022-01-10,9.279281907901463
Male,Black,65,15905,42021,PA,2022-01-10,5.390822382161515
Female,Black,46,15923,42129,PA,2022-01-10,5.119558382214772
Female,Other,92,15921,42021,PA,2022-01-17,3.3308961581433394
Male,Black,81,15906,42021,PA,2022-01-17,-3.933361651470314
Female,Black,67,15906,42021,PA,2022-01-17,16.988296796052968
Female,White,47,15907,42021,PA,2022-01-17,9.278280876990957
Male,Black,74,15924,42111,PA,2022-01-17,4.163000575709948
Female,White,73,15921,42021,PA,2022-01-17,6.9736584446577545
Male,White,57,15920,42063,PA,2022-01-17,-1.8723402468133417
Female,White,52,15924,42111,PA,2022-01-17,5.827988428490319
Male,Black,63,15909,42021,PA,2022-01-17,-2.787638977833612
Male,Black,10,15924,42111,PA,2022-01-17,6.217747001132597
Male,Other,74,15905,42021,PA,2022-01-17,-6.717958764437924
Male,Black,17,15924,42111,PA,2022-01-17,7.723121520574992
Male,Black,32,15920,42063,PA,2022-01-17,1.6838595360704465
Female,Other,9,15923,42129,PA,2022-01-17,12.958740216816055
Male,Other,29,15904,42021,PA,2022-01-17,12.26163361091725
Female,Black,57,15904,42021,PA,2022-01-17,2.1187602739113354
Female,Other,33,15922,42021,PA,2022-01-17,12.018733947003437
Female,Black,33,15909,42021,PA,2022-01-17,15.49128978508448
Male,Black,74,15924,42111,PA,2022-01-17,1.1736252903737026
Male,Other,19,15921,42021,PA,2022-01-17,2.2268630478175675
Female,Black,72,15907,42021,PA,2022-01-17,4.563015707523593
Female,Other,21,15904,42021,PA,2022-01-17,3.247341941687491
Female,Black,38,15922,42021,PA,2022-01-17,10.155460783992057
Male,Black,41,15922,42021,PA,2022-01-17,-8.81913915593185
Female,White,84,15923,42129,PA,2022-01-17,5.890850421063731
Female,Other,72,15924,42111,PA,2022-01-17,0.952061183633932
Male,Other,50,15909,42021,PA,2022-01-17,2.193058319608096
Female,Black,63,15920,42063,PA,2022-01-17,0.36990828343367177
Male,Black,2,15920,42063,PA,2022-01-17,7.397837516757798
Male,White,40,15923,42129,PA,2022-01-17,5.935065657800237
Female,Black,21,15905,42021,PA,2022-01-17,1.515894767817667
Male,Black,59,15905,42021,PA,2022-01-17,5.394264610457592
Female,White,27,15906,42021,PA,2022-01-17,3.499086437394217
Female,Other,24,15906,42021,PA,2022-01-17,3.328799438202701
Female,White,66,15920,42063,PA,2022-01-17,8.082196374862399
Male,Black,15,15906,42021,PA,2022-01-17,6.296852656486226
Male,Other,83,15920,42063,PA,2022-01-17,10.444153436701791
Female,White,90,15920,42063,PA,2022-01-17,2.525507334819644
Male,White,81,15922,42021,PA,2022-01-17,10.042232899974364
Female,White,13,15909,42021,PA,2022-01-17,-0.15821268930395327
Male,Black,73,15906,42021,PA,2022-01-17,-0.03483704305854029
Female,Black,87,15923,42129,PA,2022-01-17,5.011815032583902
Male,White,66,15907,42021,PA,2022-01-17,1.221907758252935
Male,White,27,15905,42021,PA,2022-01-17,-1.2569979240432476
Female,Other,65,15904,42021,PA,2022-01-17,7.888142209409564
Female,Other,41,15904,42021,PA,2022-01-17,3.3813854780729686
Female,White,66,15921,42021,PA,2022-01-17,4.852062618970211
Male,Other,65,15921,42021,PA,2022-01-17,-5.585349518257205
Female,Black,91,15924,42111,PA,2022-01-17,7.6255071256416675
Female,White,34,15921,42021,PA,2022-01-17,10.72029964534197
Female,Other,89,15905,42021,PA,2022-01-17,9.702452464566216
Female,Other,65,15904,42021,PA,2022-01-17,13.130043713073553
Male,Black,15,15922,42021,PA,2022-01-17,7.351148710380242
Male,Black,48,15906,42021,PA,2022-01-17,2.08294587253373
Female,White,81,15922,42021,PA,2022-01-17,7.025820103846019
Female,Other,77,15906,42021,PA,2022-01-17,-0.12980513112454162
Female,White,39,15922,42021,PA,2022-01-17,3.641115580232584
Male,Other,84,15907,42021,PA,2022-01-17,6.133705744011453
Female,Other,7,15923,42129,PA,2022-01-17,8.723531275863422
Male,Other,0,15907,42021,PA,2022-01-17,2.6111135954628795
Male,Other,62,15923,42129,PA,2022-01-17,5.729075853518809
Female,Black,49,15909,42021,PA,2022-01-17,5.203528971030928
Female,White,22,15905,42021,PA,2022-01-17,6.911187840917336
Male,Black,4,15906,42021,PA,2022-01-17,2.979701644852604
Male,White,39,15909,42021,PA,2022-01-17,5.433948505399758
Female,White,44,15905,42021,PA,2022-01-17,5.368097023889417
Male,White,53,15906,42021,PA,2022-01-17,9.35682962355942
Male,White,77,15924,42111,PA,2022-01-17,-4.743991310356188
Female,Other,72,15922,42021,PA,2022-01-17,9.154513696659023
Female,White,74,15909,42021,PA,2022-01-17,0.21951701411011992
Female,Other,81,15922,42021,PA,2022-01-17,7.96708455642594
Female,White,16,15909,42021,PA,2022-01-17,2.042880234178691
Female,White,2,15905,42021,PA,2022-01-17,8.22025472179524
Male,White,96,15905,42021,PA,2022-01-17,5.632362824231621
Female,White,7,15924,42111,PA,2022-01-17,3.319029275297856
Male,Black,86,15907,42021,PA,2022-01-17,5.790338030020381
Female,Black,89,15904,42021,PA,2022-01-17,5.011914327007791
Male,Other,69,15922,42021,PA,2022-01-17,1.125666536027572
Male,Other,3,15920,42063,PA,2022-01-17,9.922450840773068
Female,White,67,15905,42021,PA,2022-01-17,-4.608377128569691
Female,White,85,15920,42063,PA,2022-01-17,-0.00803324394174698
Male,Black,74,15906,42021,PA,2022-01-17,1.254722380956652
Female,Black,97,15924,42111,PA,2022-01-17,4.866116842440366
Male,Other,71,15924,42111,PA,2022-01-17,-0.2057192530957832
Female,Black,99,15922,42021,PA,2022-01-17,5.414125055499159
Male,White,90,15906,42021,PA,2022-01-17,1.962513358389972
Female,Black,3,15909,42021,PA,2022-01-17,-6.718264509572436
Female,Other,16,15906,42021,PA,2022-01-24,1.419601177244762
Male,White,31,15905,42021,PA,2022-01-24,3.888804750723712
Female,White,100,15922,42021,PA,2022-01-24,1.6658857431501648
Female,Black,81,15922,42021,PA,2022-01-24,6.635999970936463
Male,Other,89,15907,42021,PA,2022-01-24,-4.690302602393416
Female,Black,58,15922,42021,PA,2022-01-24,4.956377114227547
Male,Other,16,15921,42021,PA,2022-01-24,6.6634437363063235
Female,White,99,15921,42021,PA,2022-01-24,-0.28605766166496593
Female,White,29,15904,42021,PA,2022-01-24,4.650544078927153
Female,Other,71,15906,42021,PA,2022-01-24,8.417705594979905
Female,Other,69,15904,42021,PA,2022-01-24,-1.566040226197611
Female,Black,4,15923,42129,PA,2022-01-24,1.960711894180771
Male,Other,70,15906,42021,PA,2022-01-24,-1.5367820712855649
Female,Black,94,15904,42021,PA,2022-01-24,10.772383731546302
Female,White,59,15904,42021,PA,2022-01-24,-3.876431087833335
Male,Black,44,15907,42021,PA,2022-01-24,2.4262737390602016
Male,White,72,15923,42129,PA,2022-01-24,9.918426597673344
Male,Black,39,15906,42021,PA,2022-01-24,-2.842749424110753
Male,Black,14,15923,42129,PA,2022-01-24,2.2469755328274568
Male,Other,95,15904,42021,PA,2022-01-24,6.595927574877038
Female,White,13,15920,42063,PA,2022-01-24,-1.8564434022246887
Female,White,3,15923,42129,PA,2022-01-24,5.401869575962495
Female,White,23,15923,42129,PA,2022-01-24,4.141100651483415
Female,Black,95,15922,42021,PA,2022-01-24,8.629146695424517
Female,Other,55,15920,42063,PA,2022-01-24,-6.246897500906763
Female,White,76,15909,42021,PA,2022-01-24,-1.3767240431847316
Female,Other,71,15907,42021,PA,2022-01-24,4.615806698956642
Female,White,67,15922,42021,PA,2022-01-24,1.7693402200120776
Male,Other,88,15909,42021,PA,2022-01-24,3.6729746657687
Female,Black,18,15921,42021,PA,2022-01-24,8.193142500576732
Female,Other,95,15904,42021,PA,2022-01-24,6.492855634307016
Male,Black,78,15921,42021,PA,2022-01-24,6.964441410247575
Female,Black,20,15922,42021,PA,2022-01-24,6.69213711304424
Male,Other,95,15922,42021,PA,2022-01-24,4.640044134998782
Male,Black,58,15923,42129,PA,2022-01-24,6.239517236507749
Female,White,40,15920,42063,PA,2022-01-24,1.758052473655058
Female,Black,18,15920,42063,PA,2022-01-24,17.0610066273583
Male,Black,68,15904,42021,PA,2022-01-24,-6.731347755837816
Female,Black,73,15924,42111,PA,2022-01-24,0.2991522364560346
Male,Other,27,15920,42063,PA,2022-01-24,1.358459296259201
Male,Black,41,15904,42021,PA,2022-01-24,7.8870692022069635
Male,White,5,15909,42021,PA,2022-01-24,12.415686297888485
Female,Other,68,15920,42063,PA,2022-01-24,4.677064403465455
Female,Black,79,15905,42021,PA,2022-01-24,-3.787425429312032
Male,White,13,15920,42063,PA,2022-01-24,2.044048069301833
Male,Black,69,15924,42111,PA,2022-01-24,1.7589553307234058
Male,Other,50,15907,42021,PA,2022-01-24,1.2029631607566849
Male,Other,49,15904,42021,PA,2022-01-24,-0.01102870935885524
Female,Other,7,15907,42021,PA,2022-01-24,2.700701831596664
Male,Black,67,15905,42021,PA,2022-01-24,12.054708672040578
Male,Other,54,15907,42021,PA,2022-01-24,10.41413564427568
Male,Black,14,15905,42021,PA,2022-01-24,0.4927606602790453
Female,Other,71,15922,42021,PA,2022-01-24,5.935194008451875
Female,Other,36,15922,42021,PA,2022-01-24,11.883220746971585
Male,White,29,15924,42111,PA,2022-01-24,4.595921319411494
Female,Other,16,15921,42021,PA,2022-01-24,13.548995087811964
Male,Black,72,15923,42129,PA,2022-01-24,2.896848542065157
Male,Black,66,15909,42021,PA,2022-01-24,11.76776869503262
Male,Other,74,15905,42021,PA,2022-01-24,8.419582133082988
Female,Black,83,15924,42111,PA,2022-01-24,0.3983193553820686
Male,Other,83,15920,42063,PA,2022-01-24,3.3787144301895577
Female,Black,70,15924,42111,PA,2022-01-24,2.066065627959406
Male,Other,98,15922,42021,PA,2022-01-24,2.341260155947743
Female,White,28,15922,42021,PA,2022-01-24,2.8837057422745103
Male,Black,67,15906,42021,PA,2022-01-24,-2.7829021097523547
Male,Black,94,15907,42021,PA,2022-01-24,11.604230235856951
Male,White,53,15907,42021,PA,2022-01-24,3.861129447869259
Male,Other,88,15920,42063,PA,2022-01-24,1.3037098990139508
Male,Other,91,15922,42021,PA,2022-01-24,9.487472525639877
Female,White,66,15923,42129,PA,2022-01-24,5.918760924625325
Male,White,61,15906,42021,PA,2022-01-24,2.6583523440054244
Female,White,67,15923,42129,PA,2022-01-24,1.8445726010891836
Female,Other,25,15920,42063,PA,2022-01-24,4.740027386819933
Male,Black,15,15921,42021,PA,2022-01-24,8.24685445699978
Female,Other,75,15907,42021,PA,2022-01-24,6.378644101385746
Female,Black,36,15904,42021,PA,2022-01-24,1.952605489847712
Female,White,17,15909,42021,PA,2022-01-24,11.398361966027178
Female,Black,67,15922,42021,PA,2022-01-24,8.628442201914968
Male,Black,0,15920,42063,PA,2022-01-24,7.762082717233531
Male,White,71,15923,42129,PA,2022-01-24,6.160443385649186
Female,Black,36,15924,42111,PA,2022-01-24,12.55495211029666
Female,Black,8,15906,42021,PA,2022-01-24,5.731535843318883
Male,White,89,15907,42021,PA,2022-01-24,11.658672740960409
Male,Other,37,15905,42021,PA,2022-01-24,2.4537832216523228
Male,Other,67,15924,42111,PA,2022-01-24,7.9996594471856675
Female,White,72,15909,42021,PA,2022-01-24,4.1816859817138505
Male,Black,7,15923,42129,PA,2022-01-24,-1.1692423002659489
Male,Other,67,15904,42021,PA,2022-01-24,2.3251994381431973
Female,White,77,15923,42129,PA,2022-01-24,13.84209777121725
Female,White,52,15924,42111,PA,2022-01-24,13.382648370870694
Male,Other,69,15922,42021,PA,2022-01-24,5.137234818577358
Male,Other,2,15904,42021,PA,2022-01-24,6.761324871784295
Female,Other,5,15904,42021,PA,2022-01-24,6.6861330189865305
Male,Black,79,15904,42021,PA,2022-01-24,7.315888338333684
Male,Other,35,15907,42021,PA,2022-01-24,5.894352044878962
Female,Other,39,15904,42021,PA,2022-01-24,3.0307429518315274
Female,White,48,15920,42063,PA,2022-01-24,2.503966275781245
Female,Black,64,15921,42021,PA,2022-01-31,4.335857180155367
Male,Black,25,15906,42021,PA,2022-01-31,-5.948226704129835
Male,Other,65,15922,42021,PA,2022-01-31,0.8838625491890314
Female,Other,91,15920,42063,PA,2022-01-31,9.796686206702642
Female,White,34,15909,42021,PA,2022-01-31,2.611577001418484
Female,Black,25,15904,42021,PA,2022-01-31,12.840023679898922
Male,Black,91,15922,42021,PA,2022-01-31,-1.237041538521467
Female,Black,52,15909,42021,PA,2022-01-31,-2.495288157582687
Female,Black,77,15904,42021,PA,2022-01-31,3.9885942738625095
Male,Other,57,15909,42021,PA,2022-01-31,-2.6543465680483447
Female,Other,14,15905,42021,PA,2022-01-31,-0.9340017325155509
Male,White,74,15905,42021,PA,2022-01-31,-0.17497405408464697
Male,Other,7,15923,42129,PA,2022-01-31,3.758538779527381
Female,White,2,15906,42021,PA,2022-01-31,20.540344346485735
Male,Black,88,15906,42021,PA,2022-01-31,-5.4340108172966435
Female,Black,96,15921,42021,PA,2022-01-31,4.7594096247599404
Female,Other,62,15924,42111,PA,2022-01-31,1.4092569077454025
Female,Black,23,15921,42021,PA,2022-01-31,-4.29871740047433
Female,Black,74,15923,42129,PA,2022-01-31,2.4716626511940345
Male,White,69,15921,42021,PA,2022-01-31,6.201450623292037
Female,White,22,15907,42021,PA,2022-01-31,5.443653013009728
Female,White,23,15922,42021,PA,2022-01-31,6.279450712966656
Male,White,12,15920,42063,PA,2022-01-31,-1.1414523672532195
Female,Other,82,15904,42021,PA,2022-01-31,4.628690470066568
Female,Other,90,15909,42021,PA,2022-01-31,2.019333795915468
Male,Black,80,15905,42021,PA,2022-01-31,4.280004144172579
Female,Other,26,15921,42021,PA,2022-01-31,11.509176844280326
Male,Black,89,15923,42129,PA,2022-01-31,0.4341548851702592
Female,Black,72,15923,42129,PA,2022-01-31,2.496513510250045
Male,Other,2,15909,42021,PA,2022-01-31,0.21536691181623535
Female,Other,56,15924,42111,PA,2022-01-31,3.106522660862326
Female,White,93,15922,42021,PA,2022-01-31,0.04927983348225062
Female,Black,36,15904,42021,PA,2022-01-31,3.279745176518841
Female,Black,43,15920,42063,PA,2022-01-31,-3.7834571458189785
Female,Black,83,15907,42021,PA,2022-01-31,7.009075406563904
Male,Other,66,15923,42129,PA,2022-01-31,1.2354163497217634
Male,White,39,15906,42021,PA,2022-01-31,2.434851961923491
Female,White,23,15906,42021,PA,2022-01-31,8.895868831420088
Female,Other,78,15920,42063,PA,2022-01-31,-0.32496165024922696
Male,Black,16,15924,42111,PA,2022-01-31,7.062935104219285
Male,Other,69,15920,42063,PA,2022-01-31,-2.7254867811689496
Female,Black,46,15920,42063,PA,2022-01-31,8.966282135952472
Female,White,80,15920,42063,PA,2022-01-31,6.7899961597631036
Female,Black,29,15909,42021,PA,2022-01-31,6.823064445219581
Female,Other,62,15920,42063,PA,2022-01-31,-0.24960843543023437
Female,White,26,15907,42021,PA,2022-01-31,6.083309262124287
Female,Other,23,15909,42021,PA,2022-01-31,2.9070313129402656
Male,Other,80,15906,42021,PA,2022-01-31,3.9639951848570063
Male,White,95,15909,42021,PA,2022-01-31,7.940381393228908
Female,Other,31,15904,42021,PA,2022-01-31,7.967989929829129
Female,Black,33,15905,42021,PA,2022-01-31,-7.953663828692961
Female,Other,17,15921,42021,PA,2022-01-31,-3.38556457292706
Female,Other,59,15924,42111,PA,2022-01-31,6.641089636770111
Female,Other,51,15920,42063,PA,2022-01-31,8.618839427289917
Male,Black,4,15909,42021,PA,2022-01-31,-1.5337699033210348
Female,White,42,15920,42063,PA,2022-01-31,-0.922653645863612
Female,Black,18,15909,42021,PA,2022-01-31,7.95329697716325
Male,White,50,15907,42021,PA,2022-01-31,-0.9723004063626834
Male,White,42,15924,42111,PA,2022-01-31,-8.468057413663104
Female,Other,8,15905,42021,PA,2022-01-31,10.717260986198957
Female,Other,88,15906,42021,PA,2022-01-31,11.616678560565145
Female,White,36,15920,42063,PA,2022-01-31,4.979294044825359
Female,White,54,15909,42021,PA,2022-01-31,1.087384412374525
Female,Other,98,15905,42021,PA,2022-01-31,8.712953639734614
Male,White,82,15906,42021,PA,2022-01-31,13.556429354850549
Male,Other,72,15921,42021,PA,2022-01-31,3.296213589693793
Male,Other,66,15907,42021,PA,2022-01-31,-7.612768591928797
Male,Other,14,15904,42021,PA,2022-01-31,-0.06534345489277538
Female,Other,46,15923,42129,PA,2022-01-31,5.869601548435995
Female,Black,82,15905,42021,PA,2022-01-31,7.467356491614673
Male,Black,83,15924,42111,PA,2022-01-31,12.652056708492792
Female,Other,23,15920,42063,PA,2022-01-31,1.2271060144433306
Female,White,83,15909,42021,PA,2022-01-31,7.209409136985651
Female,Other,89,15904,42021,PA,2022-01-31,-2.928684900661028
Female,Black,71,15906,42021,PA,2022-01-31,7.527981027969494
Female,Black,72,15920,42063,PA,2022-01-31,1.3133089548268848
Female,White,11,15920,42063,PA,2022-01-31,2.420844921623776
Male,White,4,15909,42021,PA,2022-01-31,10.297002465337124
Female,White,65,15907,42021,PA,2022-01-31,4.179620137161195
Male,Other,33,15923,42129,PA,2022-01-31,6.02293404728562
Female,White,47,15906,42021,PA,2022-01-31,11.0264387152434
Female,Black,8,15906,42021,PA,2022-02-07,-2.4278982894460963
Male,Other,96,15924,42111,PA,2022-02-07,-3.293373422822874
Female,Black,100,15904,42021,PA,2022-02-07,8.716236251073882
Female,Other,45,15921,42021,PA,2022-02-07,0.8850697653800017
Male,White,3,15921,42021,PA,2022-02-07,0.0985697825833527
Male,Other,29,15924,42111,PA,2022-02-07,9.904314082233071
Female,Other,22,15920,42063,PA,2022-02-07,1.5895398134015717
Male,Black,87,15905,42021,PA,2022-02-07,3.37952390939168
Female,White,0,15905,42021,PA,2022-02-07,6.12486865918296
Female,Other,40,15907,42021,PA,2022-02-07,6.61727600482563
Female,Other,49,15920,42063,PA,2022-02-07,6.662067373456472
Male,Other,64,15920,42063,PA,2022-02-07,7.013684126098209
Female,White,10,15909,42021,PA,2022-02-07,6.399644546214885
Female,Other,23,15904,42021,PA,2022-02-07,6.208121551030482
Female,Black,23,15906,42021,PA,2022-02-07,6.79333809456291
Male,Other,3,15905,42021,PA,2022-02-07,5.500690995161621
Male,Other,65,15904,42021,PA,2022-02-07,1.3289869585020064
Female,Black,63,15904,42021,PA,2022-02-07,10.800086436422802
Male,Other,85,15905,42021,PA,2022-02-07,3.040905825935476
Male,Other,52,15923,42129,PA,2022-02-07,5.283486950449304
Male,Black,63,15922,42021,PA,2022-02-07,-6.616226383146552
Male,Black,59,15904,42021,PA,2022-02-07,3.4705132549951863
Female,White,70,15909,42021,PA,2022-02-07,5.354334026415944
Female,Other,68,15922,42021,PA,2022-02-07,3.49180143008557
Female,White,9,15920,42063,PA,2022-02-07,3.057084573461478
Male,Black,58,15921,42021,PA,2022-02-07,-4.037305821769785
Female,Other,66,15907,42021,PA,2022-02-07,-4.120819813716803
Female,Black,28,15923,42129,PA,2022-02-07,3.401636217904503
Female,White,28,15909,42021,PA,2022-02-07,2.2566730336486054
Male,Black,2,15922,42021,PA,2022-02-07,-2.3945108405762427
Male,Black,68,15906,42021,PA,2022-02-07,-3.11017350676443
Male,Black,1,15923,42129,PA,2022-02-07,-0.3665458271108149
Female,Black,56,15905,42021,PA,2022-02-07,0.22742943448931377
Male,Other,5,15905,42021,PA,2022-02-07,-0.3925558305722676
Male,White,30,15922,42021,PA,2022-02-07,2.1296550301046357
Female,Black,45,15922,42021,PA,2022-02-07,11.792363179283043
Female,White,81,15924,42111,PA,2022-02-07,-4.247039743433538
Male,White,99,15920,42063,PA,2022-02-07,-3.4224388242146193
Female,Other,72,15905,42021,PA,2022-02-07,-6.573050703542194e-4
Female,Black,59,15920,42063,PA,2022-02-07,12.188869829922522
Female,Other,24,15924,42111,PA,2022-02-07,0.7013708512887256
Male,White,59,15920,42063,PA,2022-02-07,2.8713244713293973
Male,Other,28,15905,42021,PA,2022-02-07,-3.06108106315398
Male,White,29,15922,42021,PA,2022-02-07,1.0369955528528283
Male,White,24,15923,42129,PA,2022-02-07,11.54343943799354
Male,Black,72,15921,42021,PA,2022-02-07,3.616252879324685
Male,Other,53,15920,42063,PA,2022-02-07,5.627634554756492
Male,White,69,15920,42063,PA,2022-02-07,-1.9892401436236768
Female,Black,74,15921,42021,PA,2022-02-07,-1.4797306750472083
Male,White,66,15922,42021,PA,2022-02-07,-1.5777937750215032
Female,White,93,15920,42063,PA,2022-02-07,6.462804761643034
Male,White,40,15920,42063,PA,2022-02-07,-2.096996373717705
Male,White,2,15905,42021,PA,2022-02-07,6.194287165743583
Female,Black,73,15909,42021,PA,2022-02-07,-6.5240145823833835
Female,Black,86,15907,42021,PA,2022-02-07,9.258361321597
Male,White,19,15909,42021,PA,2022-02-07,-4.463240396352631
Male,Black,11,15922,42021,PA,2022-02-07,11.210085690503613
Male,Other,50,15922,42021,PA,2022-02-07,-0.39395401832346
Male,White,70,15909,42021,PA,2022-02-07,-4.5600236758037624
Male,Black,97,15906,42021,PA,2022-02-07,4.351530812978875
Female,Black,11,15922,42021,PA,2022-02-07,4.01197979254404
Female,White,12,15923,42129,PA,2022-02-07,9.940201978255152
Male,Black,92,15921,42021,PA,2022-02-07,8.339869423849308
Female,White,70,15921,42021,PA,2022-02-07,0.26544767647435163
Female,Black,66,15905,42021,PA,2022-02-07,-0.4918076483732374
Male,Black,90,15907,42021,PA,2022-02-07,-0.00508649453586329
Female,Other,5,15905,42021,PA,2022-02-07,2.656340391942191
Male,White,78,15906,42021,PA,2022-02-07,6.481464064546083
Male,White,5,15922,42021,PA,2022-02-07,1.209154378121219
Female,White,69,15920,42063,PA,2022-02-07,7.0192694272584
Female,White,38,15906,42021,PA,2022-02-07,2.0693395524817606
Male,Black,25,15924,42111,PA,2022-02-07,-2.374878648221328
Female,White,7,15907,42021,PA,2022-02-07,12.286921542106672
Female,Other,67,15905,42021,PA,2022-02-07,4.299162927389666
Female,White,60,15924,42111,PA,2022-02-07,-7.673715083607686
Female,White,30,15924,42111,PA,2022-02-07,3.749120655698792
Male,Other,100,15921,42021,PA,2022-02-07,5.162455101380312
Female,Black,66,15921,42021,PA,2022-02-07,-3.668329609318647
Male,Other,94,15904,42021,PA,2022-02-07,3.2005197336987505
Female,Black,61,15924,42111,PA,2022-02-07,2.9920358009679484
Female,Other,100,15923,42129,PA,2022-02-07,1.4913574584648748
Male,Black,24,15924,42111,PA,2022-02-07,-1.1732563855505391
Male,Other,47,15920,42063,PA,2022-02-07,-3.043737361215809
Female,Black,25,15909,42021,PA,2022-02-07,13.55923374335975
Female,White,92,15922,42021,PA,2022-02-07,-5.650426823256272
Female,Other,13,15904,42021,PA,2022-02-07,2.0178042576215596
Male,Other,82,15920,42063,PA,2022-02-14,14.86699355472141
Female,Other,40,15921,42021,PA,2022-02-14,7.917147263932954
Male,Other,80,15922,42021,PA,2022-02-14,1.4445851123415372
Male,White,9,15906,42021,PA,2022-02-14,-1.0950152253758754
Male,White,65,15921,42021,PA,2022-02-14,3.686990209236921
Female,Black,66,15923,42129,PA,2022-02-14,3.516507943089277
Female,Other,82,15920,42063,PA,2022-02-14,7.466876486560943
Female,Other,13,15924,42111,PA,2022-02-14,9.023614688234806
Female,Black,72,15904,42021,PA,2022-02-14,5.666034847012639
Male,White,14,15921,42021,PA,2022-02-14,8.666916037201338
Female,Black,25,15922,42021,PA,2022-02-14,8.386274333336075
Male,Other,81,15922,42021,PA,2022-02-14,-6.55027680575
Female,White,33,15907,42021,PA,2022-02-14,6.786058287950605
Male,Other,19,15904,42021,PA,2022-02-14,10.098701860188854
Male,White,5,15905,42021,PA,2022-02-14,-1.0490241255396984
Male,Black,65,15920,42063,PA,2022-02-14,-1.3425101060483082
Male,Other,69,15924,42111,PA,2022-02-14,-1.5792989053801652
Male,White,85,15921,42021,PA,2022-02-14,2.1378896800502645
Female,White,12,15905,42021,PA,2022-02-14,1.4380545333221395
Female,Other,32,15904,42021,PA,2022-02-14,16.021530281045052
Male,Black,15,15907,42021,PA,2022-02-14,-4.315760530026784
Female,Black,65,15909,42021,PA,2022-02-14,-0.6107783336869308
Female,White,35,15921,42021,PA,2022-02-14,2.812578630873737
Female,Black,47,15920,42063,PA,2022-02-14,4.9720618479602585
Male,White,41,15922,42021,PA,2022-02-14,2.6486024687048113
Female,Other,93,15922,42021,PA,2022-02-14,6.053689840075224
Male,White,29,15904,42021,PA,2022-02-14,0.8713864801628302
Female,Other,63,15922,42021,PA,2022-02-14,-0.8491386963367367
Female,White,40,15907,42021,PA,2022-02-14,4.1248004361404735
Female,White,65,15909,42021,PA,2022-02-14,2.205471694960175
Male,Other,59,15907,42021,PA,2022-02-14,4.130646675119964
Male,Black,48,15921,42021,PA,2022-02-14,-3.687016801578852
Male,Other,35,15906,42021,PA,2022-02-14,-2.6836907453294883
Female,White,86,15922,42021,PA,2022-02-14,7.776179315103948
Male,Other,92,15924,42111,PA,2022-02-14,2.3021281947811136
Male,Other,14,15909,42021,PA,2022-02-14,4.662191630069409
Female,White,27,15923,42129,PA,2022-02-14,0.05859674539255355
Male,Other,49,15921,42021,PA,2022-02-14,5.255090416105516
Female,Black,82,15921,42021,PA,2022-02-14,1.2749029844881603
Male,Black,22,15909,42021,PA,2022-02-14,-0.3983414867533177
Male,Black,19,15924,42111,PA,2022-02-14,2.5356505731345766
Male,Other,54,15924,42111,PA,2022-02-14,-1.8246615801289896
Female,Other,28,15923,42129,PA,2022-02-14,12.504787596056124
Male,Black,66,15920,42063,PA,2022-02-14,10.254632478172688
Female,Other,32,15924,42111,PA,2022-02-14,2.1778522022630655
Male,Black,95,15907,42021,PA,2022-02-14,-0.19842347631639168
Female,Black,24,15921,42021,PA,2022-02-14,4.681380003227329
Female,White,93,15907,42021,PA,2022-02-14,15.044437648382925
Male,Black,21,15923,42129,PA,2022-02-14,11.755845046353024
Male,Black,68,15904,42021,PA,2022-02-14,-1.8314125496586953
Male,Black,72,15924,42111,PA,2022-02-14,4.6543204764637185
Female,Black,67,15905,42021,PA,2022-02-14,-2.601940185547453
Male,Other,26,15924,42111,PA,2022-02-14,10.782326964442872
Male,Black,73,15904,42021,PA,2022-02-14,8.709608096943668
Female,Other,33,15922,42021,PA,2022-02-14,0.26459470688317754
Male,Black,22,15906,42021,PA,2022-02-14,11.978092454369406
Male,Black,27,15905,42021,PA,2022-02-14,2.5954435176100663
Female,White,7,15905,42021,PA,2022-02-14,9.907196252538313
Female,Other,60,15924,42111,PA,2022-02-14,6.341008498008346
Female,White,15,15924,42111,PA,2022-02-14,8.378877205609552
Female,Black,100,15907,42021,PA,2022-02-14,3.2570089516795404
Male,Black,5,15923,42129,PA,2022-02-14,3.803396959674788
Male,White,8,15922,42021,PA,2022-02-14,10.00535786534743
Male,White,11,15904,42021,PA,2022-02-14,-1.4389644853923835
Male,Black,70,15906,42021,PA,2022-02-14,-0.1422866847090769
Female,Black,54,15922,42021,PA,2022-02-14,10.94727162875077
Male,White,55,15923,42129,PA,2022-02-14,-2.584199645415225
Male,Other,81,15907,42021,PA,2022-02-14,6.809632615405029
Female,White,31,15907,42021,PA,2022-02-14,2.8143311252725782
Male,Black,63,15921,42021,PA,2022-02-14,-5.3122610843579885
Male,Other,64,15921,42021,PA,2022-02-14,1.694175959714341
Male,Black,20,15909,42021,PA,2022-02-14,5.083373027378005
Male,Other,30,15920,42063,PA,2022-02-14,-0.7638140110917933
Male,Black,73,15909,42021,PA,2022-02-14,3.8945568362729337
Female,Black,77,15923,42129,PA,2022-02-14,7.695421228120628
Female,Black,69,15906,42021,PA,2022-02-14,7.611255496253686
Female,White,21,15924,42111,PA,2022-02-14,1.32369747241319
Female,White,40,15909,42021,PA,2022-02-14,5.69468490873405
Male,Black,34,15922,42021,PA,2022-02-21,-0.333094035543541
Female,Other,38,15907,42021,PA,2022-02-21,0.9211458697851708
Female,Black,28,15905,42021,PA,2022-02-21,14.599944239769748
Male,Black,77,15923,42129,PA,2022-02-21,1.774235999345708
Male,White,94,15909,42021,PA,2022-02-21,7.9796909158968194
Female,Black,98,15906,42021,PA,2022-02-21,-0.903628051878612
Female,White,30,15924,42111,PA,2022-02-21,13.327281676794836
Female,Other,55,15922,42021,PA,2022-02-21,-0.24706091968166088
Female,Black,25,15909,42021,PA,2022-02-21,6.720471468274417
Male,White,66,15920,42063,PA,2022-02-21,-5.740339966513483
Male,Black,65,15906,42021,PA,2022-02-21,1.384168359812708
Male,Black,77,15922,42021,PA,2022-02-21,-1.6968865847521153
Female,Black,56,15905,42021,PA,2022-02-21,2.297935898317711
Female,White,6,15924,42111,PA,2022-02-21,6.693008355389565
Female,Black,0,15904,42021,PA,2022-02-21,7.027892776535543
Female,White,31,15906,42021,PA,2022-02-21,0.2541286226857009
Female,White,66,15924,42111,PA,2022-02-21,13.806272742664198
Male,White,85,15921,42021,PA,2022-02-21,4.2851914300142155
Female,White,69,15904,42021,PA,2022-02-21,1.783100306482602
Female,Black,73,15922,42021,PA,2022-02-21,3.5873783465044986
Male,White,74,15907,42021,PA,2022-02-21,-8.641240434561961
Male,Other,29,15906,42021,PA,2022-02-21,3.18236075539361
Male,Black,66,15905,42021,PA,2022-02-21,-10.386560726214164
Female,White,80,15905,42021,PA,2022-02-21,5.102420530709778
Female,Other,74,15922,42021,PA,2022-02-21,4.689320428187559
Female,Black,15,15906,42021,PA,2022-02-21,-0.964424313645278
Male,Other,16,15904,42021,PA,2022-02-21,1.766722230353282
Male,Other,54,15924,42111,PA,2022-02-21,3.510162156465222
Male,Other,58,15923,42129,PA,2022-02-21,3.4493902772822036
Female,Other,2,15924,42111,PA,2022-02-21,6.965302713198833
Male,White,8,15921,42021,PA,2022-02-21,-0.356731463549008
Female,Black,56,15907,42021,PA,2022-02-21,5.092741181274848
Female,Black,68,15905,42021,PA,2022-02-21,11.439661033584978
Male,Black,73,15904,42021,PA,2022-02-21,-4.696784991227586
Female,Other,7,15921,42021,PA,2022-02-21,5.065035135609015
Female,White,1,15906,42021,PA,2022-02-21,3.353291263501753
Male,Black,76,15920,42063,PA,2022-02-21,1.7768827810155725
Female,Black,30,15904,42021,PA,2022-02-21,2.7068382998184664
Male,White,6,15920,42063,PA,2022-02-21,10.393242531168744
Male,White,28,15920,42063,PA,2022-02-21,-3.8548365188245906
Female,White,16,15920,42063,PA,2022-02-21,0.6092396521713543
Male,Other,15,15923,42129,PA,2022-02-21,9.670435507229811
Female,White,5,15904,42021,PA,2022-02-21,7.406398499031068
Male,Other,11,15924,42111,PA,2022-02-21,2.6519354073014374
Female,White,58,15909,42021,PA,2022-02-21,7.984369496824264
Male,White,24,15922,42021,PA,2022-02-21,-4.820023290462871
Male,White,13,15907,42021,PA,2022-02-21,-6.954834758907218
Male,Other,16,15906,42021,PA,2022-02-21,6.261312788279987
Male,Black,71,15904,42021,PA,2022-02-21,-0.5814611218180751
Female,Other,99,15921,42021,PA,2022-02-21,5.684542751804801
Male,Black,57,15923,42129,PA,2022-02-21,5.1303502781702806
Female,Other,76,15921,42021,PA,2022-02-21,-1.5337191555868257
Female,Black,3,15909,42021,PA,2022-02-21,7.424739945969486
Male,White,87,15907,42021,PA,2022-02-21,0.7316783882868652
Female,White,29,15907,42021,PA,2022-02-21,4.166364200101112
Male,Other,49,15907,42021,PA,2022-02-21,1.336101631618977
Male,White,81,15920,42063,PA,2022-02-21,-2.9825716437120695
Female,Other,4,15905,42021,PA,2022-02-21,-4.3277195664110915
Female,Black,97,15920,42063,PA,2022-02-21,8.549357555256895
Male,Other,22,15921,42021,PA,2022-02-21,6.478276596175614
Male,Other,1,15906,42021,PA,2022-02-21,3.217665107874544
Female,White,32,15921,42021,PA,2022-02-21,3.396422312973438
Male,Other,24,15920,42063,PA,2022-02-21,1.69048335696208
Female,White,29,15904,42021,PA,2022-02-21,1.770945170395959
Female,White,81,15905,42021,PA,2022-02-21,16.866084406194865
Male,Other,85,15906,42021,PA,2022-02-21,-2.79702726659177
Female,Other,32,15920,42063,PA,2022-02-21,2.4569643760768467
Female,White,20,15907,42021,PA,2022-02-21,5.17895851412721
Male,White,71,15907,42021,PA,2022-02-21,3.738655285210697
Female,Other,14,15905,42021,PA,2022-02-21,-10.83388331942205
Female,Black,37,15922,42021,PA,2022-02-21,4.232941992836595
Female,Black,44,15920,42063,PA,2022-02-21,9.110987490063875
Male,Other,51,15909,42021,PA,2022-02-21,4.740266547070008
Male,White,85,15907,42021,PA,2022-02-21,5.113610972319393
Female,White,31,15905,42021,PA,2022-02-21,2.663542780083504
Male,White,29,15909,42021,PA,2022-02-21,-8.556774673941248
Female,Other,74,15922,42021,PA,2022-02-21,-1.2533511150211796
Male,White,32,15923,42129,PA,2022-02-21,4.137915562253655
Female,Black,95,15909,42021,PA,2022-02-21,7.388270802093952
Female,Black,7,15920,42063,PA,2022-02-21,10.753278425361056
Male,Other,95,15924,42111,PA,2022-02-21,-4.333713508984522
Female,Other,79,15921,42021,PA,2022-02-21,0.3518172436921754
Male,White,77,15909,42021,PA,2022-02-21,7.177618964520036
Female,Black,68,15922,42021,PA,2022-02-21,0.5633271804399529
Male,White,34,15904,42021,PA,2022-02-21,0.5733635535501287
Female,Other,5,15921,42021,PA,2022-02-21,7.622631484544124
Male,Black,71,15909,42021,PA,2022-02-21,2.397112185348976
Male,Other,84,15922,42021,PA,2022-02-28,6.102205007817818
Female,Black,15,15909,42021,PA,2022-02-28,8.605433838640282
Male,White,21,15905,42021,PA,2022-02-28,-6.529333261406777
Female,Other,62,15905,42021,PA,2022-02-28,5.691210111554439
Male,White,61,15909,42021,PA,2022-02-28,-0.15121628812488508
Female,White,65,15922,42021,PA,2022-02-28,0.9611961367731294
Male,Other,9,15921,42021,PA,2022-02-28,-1.8345151979312144
Male,White,58,15906,42021,PA,2022-02-28,0.27993683916549683
Female,Black,69,15907,42021,PA,2022-02-28,2.274676194203326
Male,White,74,15924,42111,PA,2022-02-28,-4.365421837763964
Male,Black,15,15923,42129,PA,2022-02-28,5.405899576543369
Female,White,67,15906,42021,PA,2022-02-28,2.7662733980140173
Male,White,69,15906,42021,PA,2022-02-28,-3.9211294287531047
Male,Black,24,15922,42021,PA,2022-02-28,4.898380317927803
Female,Other,67,15923,42129,PA,2022-02-28,1.552264694987393
Female,White,61,15922,42021,PA,2022-02-28,9.640568458379146
Female,Other,71,15906,42021,PA,2022-02-28,1.8399900872595123
Male,Black,19,15921,42021,PA,2022-02-28,3.037092346663175
Female,Other,60,15907,42021,PA,2022-02-28,4.961261739716036
Female,Other,28,15922,42021,PA,2022-02-28,-4.594439687768447
Female,White,12,15923,42129,PA,2022-02-28,7.855211909608132
Male,White,65,15923,42129,PA,2022-02-28,0.5868752439881728
Female,Black,67,15905,42021,PA,2022-02-28,-0.2650283031449492
Female,Other,59,15907,42021,PA,2022-02-28,-1.1987489226864383
Male,Other,64,15923,42129,PA,2022-02-28,8.868108896049828
Female,White,68,15906,42021,PA,2022-02-28,12.251762941486795
Male,Black,31,15909,42021,PA,2022-02-28,-10.377385974685469
Female,White,28,15905,42021,PA,2022-02-28,10.516067159981532
Female,Black,44,15904,42021,PA,2022-02-28,4.656862116355166
Female,Black,97,15923,42129,PA,2022-02-28,4.804826324796002
Female,White,17,15920,42063,PA,2022-02-28,3.4018267597533356
Male,Black,98,15920,42063,PA,2022-02-28,4.54898530866682
Male,Other,59,15905,42021,PA,2022-02-28,1.6550040110419748
Male,Black,74,15921,42021,PA,2022-02-28,10.606619331074157
Male,Black,67,15906,42021,PA,2022-02-28,7.914897283294192
Female,White,57,15906,42021,PA,2022-02-28,15.153566422990316
Female,Other,68,15923,42129,PA,2022-02-28,-4.843482593353324
Male,Black,67,15920,42063,PA,2022-02-28,-3.1391042328738044
Male,Other,71,15920,42063,PA,2022-02-28,4.162140779670926
Male,Black,93,15906,42021,PA,2022-02-28,4.788605180809357
Male,Other,71,15922,42021,PA,2022-02-28,12.72314865433643
Female,Black,89,15907,42021,PA,2022-02-28,1.9702262880666923
Female,Black,94,15905,42021,PA,2022-02-28,11.742118824112282
Male,Black,25,15907,42021,PA,2022-02-28,9.98455840149879
Female,Black,74,15904,42021,PA,2022-02-28,-2.730340272886497
Female,Black,39,15907,42021,PA,2022-02-28,11.28955389680592
Male,Other,48,15904,42021,PA,2022-02-28,2.1527788487386847
Male,Black,49,15924,42111,PA,2022-02-28,-3.1804849147847487
Female,Black,5,15904,42021,PA,2022-02-28,-0.9113785767078656
Female,White,86,15909,42021,PA,2022-02-28,5.538824897853822
Female,Other,37,15920,42063,PA,2022-02-28,-2.34736661500248
Male,Other,6,15922,42021,PA,2022-02-28,-1.0245363887296255
Female,Other,65,15906,42021,PA,2022-02-28,-1.4528962865735409
Female,Other,23,15907,42021,PA,2022-02-28,3.6682889538018406
Male,White,38,15922,42021,PA,2022-02-28,2.6058179220987845
Female,White,35,15909,42021,PA,2022-02-28,8.07262569807422
Male,Black,14,15922,42021,PA,2022-02-28,1.329060945891257
Female,White,15,15923,42129,PA,2022-02-28,7.9814281031021554
Male,Other,16,15920,42063,PA,2022-02-28,3.2087907535435
Male,White,69,15923,42129,PA,2022-02-28,0.6104488732914757
Male,White,64,15907,42021,PA,2022-02-28,8.872582830213883
Male,Black,69,15907,42021,PA,2022-02-28,5.666931009568423
Male,Other,20,15922,42021,PA,2022-02-28,2.964833899110326
Female,Black,33,15905,42021,PA,2022-02-28,-0.07395760132424023
Female,Black,6,15923,42129,PA,2022-02-28,4.6559861345730305
Male,Black,89,15922,42021,PA,2022-02-28,4.65490775887499
Male,Other,68,15907,42021,PA,2022-02-28,-3.611885315923959
Male,Black,0,15924,42111,PA,2022-02-28,-0.6904215336688475
Male,Black,95,15906,42021,PA,2022-02-28,13.014275853421022
Female,White,77,15904,42021,PA,2022-02-28,11.861331536365553
Female,Black,95,15906,42021,PA,2022-02-28,2.6700290947641774
Male,Other,75,15924,42111,PA,2022-02-28,-2.5689472000197004
Female,Other,22,15905,42021,PA,2022-02-28,7.846129067783441
Male,Black,67,15922,42021,PA,2022-02-28,7.577412014149806
Female,Black,9,15922,42021,PA,2022-02-28,12.651733862186198
Female,Other,65,15920,42063,PA,2022-02-28,10.546550644649502
Female,Black,2,15922,42021,PA,2022-02-28,7.547074697459976
Male,White,6,15922,42021,PA,2022-02-28,2.089142533693096
Male,Black,27,15924,42111,PA,2022-02-28,1.243102818403123
Female,Black,16,15905,42021,PA,2022-02-28,8.15014051250674
Male,Other,67,15904,42021,PA,2022-02-28,4.273524980063409
Male,Black,80,15904,42021,PA,2022-03-07,6.849639569923104
Male,Black,30,15921,42021,PA,2022-03-07,2.162206307898672
Male,Other,12,15924,42111,PA,2022-03-07,3.872508025696688
Female,Other,25,15906,42021,PA,2022-03-07,3.3567050543214605
Female,Other,7,15909,42021,PA,2022-03-07,0.8518632627289753
Male,White,74,15909,42021,PA,2022-03-07,5.267437687958403
Female,White,67,15904,42021,PA,2022-03-07,11.22082867902456
Male,White,43,15904,42021,PA,2022-03-07,-0.6335873166396055
Female,Other,52,15909,42021,PA,2022-03-07,0.9156240031332484
Male,Black,51,15922,42021,PA,2022-03-07,-0.6786873634635988
Female,White,15,15906,42021,PA,2022-03-07,6.056817351570954
Female,White,30,15904,42021,PA,2022-03-07,7.496184310920189
Male,White,26,15923,42129,PA,2022-03-07,-5.042349310805624
Female,Other,36,15904,42021,PA,2022-03-07,8.78272060539444
Male,Other,38,15923,42129,PA,2022-03-07,-5.913973737216985
Female,Other,70,15923,42129,PA,2022-03-07,7.91306915567557
Female,White,83,15904,42021,PA,2022-03-07,2.981930750145177
Male,Black,67,15921,42021,PA,2022-03-07,9.281679358377463
Male,Black,62,15904,42021,PA,2022-03-07,0.08398091252848738
Male,White,26,15905,42021,PA,2022-03-07,4.256723513023021
Male,White,32,15920,42063,PA,2022-03-07,6.663544931286495
Male,Black,42,15909,42021,PA,2022-03-07,5.604943054703174
Male,Black,82,15922,42021,PA,2022-03-07,8.60980590588512
Female,Black,88,15904,42021,PA,2022-03-07,-4.911760692617019
Male,White,3,15921,42021,PA,2022-03-07,-2.374932397051233
Female,Other,45,15920,42063,PA,2022-03-07,6.648322005187631
Female,Other,9,15924,42111,PA,2022-03-07,4.872343097688678
Female,Black,73,15907,42021,PA,2022-03-07,8.353947439186907
Female,Other,22,15920,42063,PA,2022-03-07,11.735096929359967
Male,White,91,15904,42021,PA,2022-03-07,6.610482510923947
Female,White,6,15924,42111,PA,2022-03-07,-0.8887897392813047
Female,Black,33,15920,42063,PA,2022-03-07,11.824414344799749
Male,Black,11,15921,42021,PA,2022-03-07,5.724188425634593
Male,Black,65,15904,42021,PA,2022-03-07,-1.8999806823032532
Male,Black,1,15906,42021,PA,2022-03-07,10.720422316439135
Male,White,66,15920,42063,PA,2022-03-07,6.626127712622593
Male,White,93,15923,42129,PA,2022-03-07,6.246935473323795
Female,Black,65,15923,42129,PA,2022-03-07,-4.891938610343603
Female,Black,37,15921,42021,PA,2022-03-07,-1.5700011789920714
Female,White,7,15923,42129,PA,2022-03-07,5.034733979302776
Female,White,10,15905,42021,PA,2022-03-07,0.3835982673477103
Male,Black,31,15905,42021,PA,2022-03-07,-0.1393515476389613
Male,Other,66,15906,42021,PA,2022-03-07,6.589000470526029
Male,Other,74,15906,42021,PA,2022-03-07,-5.510638901961075
Female,Black,14,15904,42021,PA,2022-03-07,2.434827416732757
Male,Other,66,15904,42021,PA,2022-03-07,-0.05938676811386223
Male,Other,50,15922,42021,PA,2022-03-07,8.98553605755402
Female,White,72,15904,42021,PA,2022-03-07,0.49864308123510614
Female,Other,8,15920,42063,PA,2022-03-07,3.926153275451172
Female,Other,66,15924,42111,PA,2022-03-07,9.553411687726117
Female,White,54,15921,42021,PA,2022-03-07,14.597667694970932
Male,White,98,15909,42021,PA,2022-03-07,4.575172304297636
Male,White,1,15924,42111,PA,2022-03-07,-0.7852846398777613
Male,White,61,15923,42129,PA,2022-03-07,7.810581765975165
Male,Black,60,15924,42111,PA,2022-03-07,13.22155127492674
Male,Black,81,15924,42111,PA,2022-03-07,5.462866459167097
Female,Black,56,15906,42021,PA,2022-03-07,4.809286610436222
Male,White,94,15907,42021,PA,2022-03-07,-1.6187419071430882
Female,White,22,15905,42021,PA,2022-03-07,5.986559111047288
Male,Black,90,15906,42021,PA,2022-03-07,9.32207918807787
Female,Other,62,15907,42021,PA,2022-03-07,6.338675735445899
Female,White,4,15920,42063,PA,2022-03-07,4.728316384445437
Male,Black,94,15923,42129,PA,2022-03-07,10.414775365253217
Female,Other,23,15920,42063,PA,2022-03-07,13.010653450444302
Male,Other,21,15909,42021,PA,2022-03-07,-1.862072730793789
Male,Black,21,15906,42021,PA,2022-03-07,3.306226691993374
Female,White,8,15924,42111,PA,2022-03-07,10.159144867719142
Male,Other,44,15909,42021,PA,2022-03-07,-1.2432853299263336
Male,Other,16,15904,42021,PA,2022-03-07,3.508171090538201
Female,Black,5,15905,42021,PA,2022-03-07,12.840248312650186
Female,Other,26,15907,42021,PA,2022-03-07,4.0383525443072275
Male,White,22,15905,42021,PA,2022-03-07,6.025893657779316
Female,Other,79,15923,42129,PA,2022-03-07,-1.099764878350333
Female,Other,83,15907,42021,PA,2022-03-07,8.102594490114525
Female,Other,22,15922,42021,PA,2022-03-07,7.506857438174551
Male,Black,16,15922,42021,PA,2022-03-14,8.350984485800094
Female,White,48,15909,42021,PA,2022-03-14,4.970628475322233
Male,Black,46,15904,42021,PA,2022-03-14,-1.7475789467224567
Male,White,10,15921,42021,PA,2022-03-14,9.86199500444278
Male,Black,99,15904,42021,PA,2022-03-14,11.231664405227516
Male,Black,98,15924,42111,PA,2022-03-14,1.326600256104273
Male,Black,66,15906,42021,PA,2022-03-14,6.305592281581807
Male,Other,49,15906,42021,PA,2022-03-14,1.5694206187195352
Female,Other,5,15906,42021,PA,2022-03-14,3.070683497743566
Male,Black,73,15920,42063,PA,2022-03-14,5.251786984252257
Female,Other,25,15907,42021,PA,2022-03-14,8.755295987316511
Female,Black,61,15923,42129,PA,2022-03-14,11.069432508019274
Male,Black,71,15920,42063,PA,2022-03-14,14.074467047579567
Female,White,3,15905,42021,PA,2022-03-14,4.115921485341595
Male,Black,42,15909,42021,PA,2022-03-14,9.736263004562508
Female,Other,1,15907,42021,PA,2022-03-14,14.605410715552168
Female,Black,79,15921,42021,PA,2022-03-14,5.340315901942117
Male,Black,77,15922,42021,PA,2022-03-14,7.659491856532124
Female,Black,49,15921,42021,PA,2022-03-14,17.48922330459097
Female,Other,65,15924,42111,PA,2022-03-14,6.315421783101668
Male,Black,80,15909,42021,PA,2022-03-14,1.6013436476421132
Female,White,31,15920,42063,PA,2022-03-14,-5.025801983137143
Male,Other,3,15905,42021,PA,2022-03-14,2.675037094706032
Male,Other,7,15906,42021,PA,2022-03-14,8.833036672822407
Male,White,57,15924,42111,PA,2022-03-14,-0.9023039012005594
Female,Other,5,15922,42021,PA,2022-03-14,5.506186047319283
Female,Other,68,15906,42021,PA,2022-03-14,12.630417390956282
Male,White,9,15905,42021,PA,2022-03-14,5.902655569388978
Male,Black,71,15924,42111,PA,2022-03-14,2.607194420622613
Male,Other,46,15921,42021,PA,2022-03-14,3.945912650460366
Female,White,66,15923,42129,PA,2022-03-14,2.17060410715706
Female,White,23,15920,42063,PA,2022-03-14,12.191030239321895
Female,White,11,15921,42021,PA,2022-03-14,15.877957174536457
Female,Black,57,15921,42021,PA,2022-03-14,12.891557770599086
Male,Black,82,15921,42021,PA,2022-03-14,11.634930780733615
Female,White,39,15906,42021,PA,2022-03-14,6.596287611056401
Female,Other,30,15921,42021,PA,2022-03-14,-1.97084561052979
Male,Other,72,15907,42021,PA,2022-03-14,1.3211174272225352
Male,White,28,15904,42021,PA,2022-03-14,5.165680787313765
Male,Other,4,15906,42021,PA,2022-03-14,4.959741105258254
Male,Other,77,15921,42021,PA,2022-03-14,5.952151016345474
Male,White,18,15923,42129,PA,2022-03-14,-11.072018739439777
Male,White,79,15924,42111,PA,2022-03-14,7.538291456951975
Female,Other,85,15923,42129,PA,2022-03-14,6.582935222560351
Male,Black,30,15921,42021,PA,2022-03-14,4.987901166782551
Female,White,21,15920,42063,PA,2022-03-14,11.909564777416444
Male,White,71,15906,42021,PA,2022-03-14,-5.205736159619198
Male,Other,55,15906,42021,PA,2022-03-14,4.4567524241505785
Female,White,74,15920,42063,PA,2022-03-14,2.9798819414325757
Male,Black,89,15909,42021,PA,2022-03-14,1.1126314798218075
Female,White,50,15904,42021,PA,2022-03-14,5.577317425447377
Male,Black,20,15907,42021,PA,2022-03-14,-7.859912722837728
Male,Black,85,15905,42021,PA,2022-03-14,6.8511501233923076
Male,White,42,15909,42021,PA,2022-03-14,12.13030740029816
Male,White,86,15922,42021,PA,2022-03-14,10.018665556187427
Female,Other,57,15922,42021,PA,2022-03-14,5.250575683087859
Female,White,60,15909,42021,PA,2022-03-14,4.711278023184175
Male,White,21,15923,42129,PA,2022-03-14,4.668020081067807
Female,Black,14,15920,42063,PA,2022-03-14,4.7653016872311085
Male,Black,3,15907,42021,PA,2022-03-14,5.328697060817742
Male,White,1,15909,42021,PA,2022-03-14,8.247564572242702
Female,Other,8,15920,42063,PA,2022-03-14,7.413913496960392
Female,Other,35,15922,42021,PA,2022-03-14,4.1173584368929115
Female,White,27,15906,42021,PA,2022-03-14,10.33764664883012
Female,Black,84,15907,42021,PA,2022-03-14,8.191607791485506
Male,Other,18,15923,42129,PA,2022-03-14,13.226684996837925
Female,Black,25,15920,42063,PA,2022-03-14,9.245420873378125
Male,Other,14,15905,42021,PA,2022-03-14,7.097195031907194
Male,Other,13,15924,42111,PA,2022-03-14,5.137627545148035
Male,Other,18,15921,42021,PA,2022-03-14,-4.5161395419738914
Male,White,18,15904,42021,PA,2022-03-14,4.9567277494322415
Female,Black,5,15907,42021,PA,2022-03-14,6.543589450804206
Male,Other,59,15921,42021,PA,2022-03-14,0.7309195943074656
Male,White,15,15922,42021,PA,2022-03-14,5.938855137439155
Female,White,68,15904,42021,PA,2022-03-14,9.336251027105057
Female,Other,10,15909,42021,PA,2022-03-14,3.87889184952846
Female,Black,61,15907,42021,PA,2022-03-14,0.2171871889527388
Male,White,8,15921,42021,PA,2022-03-21,-7.813142695816256
Male,Black,41,15921,42021,PA,2022-03-21,-4.006453722026691
Male,White,3,15906,42021,PA,2022-03-21,4.798704600775444
Female,White,36,15905,42021,PA,2022-03-21,4.507041756963932
Male,Other,78,15904,42021,PA,2022-03-21,7.547359510350125
Female,Other,89,15923,42129,PA,2022-03-21,0.7086710362482842
Female,White,2,15906,42021,PA,2022-03-21,6.824226132895549
Male,Other,100,15922,42021,PA,2022-03-21,8.800427185932993
Male,Black,6,15905,42021,PA,2022-03-21,-8.067441299692799
Female,Other,90,15909,42021,PA,2022-03-21,9.526333376199531
Female,Other,54,15909,42021,PA,2022-03-21,7.075342756215037
Male,Black,41,15904,42021,PA,2022-03-21,5.102833099924032
Female,Black,20,15921,42021,PA,2022-03-21,-0.4518306356691859
Female,Black,2,15923,42129,PA,2022-03-21,5.271227269210945
Female,White,96,15906,42021,PA,2022-03-21,7.329159628942465
Male,Black,40,15906,42021,PA,2022-03-21,2.5939796816766254
Female,Other,24,15905,42021,PA,2022-03-21,0.11109992325610207
Female,Other,69,15924,42111,PA,2022-03-21,9.708416632133211
Male,Other,62,15921,42021,PA,2022-03-21,14.33392412720219
Male,Other,66,15904,42021,PA,2022-03-21,-0.17898458872934597
Female,Other,69,15909,42021,PA,2022-03-21,0.4344667386731426
Female,Black,13,15904,42021,PA,2022-03-21,7.346577439255459
Female,White,65,15922,42021,PA,2022-03-21,8.78384400655463
Male,Black,75,15907,42021,PA,2022-03-21,5.535646722835
Female,Other,1,15905,42021,PA,2022-03-21,22.194700174183588
Female,White,93,15920,42063,PA,2022-03-21,7.02750347087655
Female,Other,57,15922,42021,PA,2022-03-21,2.851619484945004
Female,White,56,15923,42129,PA,2022-03-21,11.975566332865434
Male,Black,11,15922,42021,PA,2022-03-21,6.549597026189807
Male,Black,8,15905,42021,PA,2022-03-21,9.592921393733937
Male,Other,83,15920,42063,PA,2022-03-21,-5.601966216103447
Female,Black,74,15905,42021,PA,2022-03-21,7.52732352784753
Male,White,65,15907,42021,PA,2022-03-21,-3.768400143979321
Female,Other,91,15923,42129,PA,2022-03-21,6.81579356282506
Female,Other,33,15922,42021,PA,2022-03-21,3.556376817598887
Female,White,99,15909,42021,PA,2022-03-21,2.763927707651599
Male,White,27,15904,42021,PA,2022-03-21,2.646991769447211
Male,White,77,15922,42021,PA,2022-03-21,7.27381424662212
Female,Other,24,15907,42021,PA,2022-03-21,7.647235503751504
Female,Black,65,15923,42129,PA,2022-03-21,4.744704329407741
Female,Black,0,15905,42021,PA,2022-03-21,4.408090962221989
Male,White,18,15920,42063,PA,2022-03-21,1.5828310876819718
Female,Black,82,15920,42063,PA,2022-03-21,3.9142028951093097
Male,Other,30,15920,42063,PA,2022-03-21,2.3361135458681908
Male,White,12,15924,42111,PA,2022-03-21,2.8667766470766436
Female,Other,82,15921,42021,PA,2022-03-21,0.29247126017246305
Male,Other,91,15921,42021,PA,2022-03-21,-0.03988000423308913
Male,Other,43,15904,42021,PA,2022-03-21,5.865506968267455
Female,White,1,15907,42021,PA,2022-03-21,7.598509834169104
Male,White,51,15906,42021,PA,2022-03-21,6.502961591727576
Female,Other,55,15906,42021,PA,2022-03-21,6.416475494128353
Female,Other,84,15906,42021,PA,2022-03-21,9.095017509445212
Male,Other,69,15924,42111,PA,2022-03-21,-0.0073775176892985
Male,White,69,15907,42021,PA,2022-03-21,-5.209381193186658
Female,White,75,15905,42021,PA,2022-03-21,13.62063514983198
Female,White,60,15904,42021,PA,2022-03-21,-5.084143054099347
Male,Black,28,15922,42021,PA,2022-03-21,-0.3007070341276905
Male,Other,45,15904,42021,PA,2022-03-21,2.9991712824596855
Female,Black,22,15923,42129,PA,2022-03-21,4.034069855386322
Female,Black,14,15924,42111,PA,2022-03-21,3.9989460267316286
Female,Other,49,15923,42129,PA,2022-03-21,6.974753374426218
Male,Black,14,15905,42021,PA,2022-03-21,3.3320321859319972
Female,Black,22,15905,42021,PA,2022-03-21,-4.486229677037177
Female,Black,86,15922,42021,PA,2022-03-21,6.294449729656488
Female,White,21,15905,42021,PA,2022-03-21,8.602216589397628
Male,White,95,15924,42111,PA,2022-03-21,5.300960953927088
Male,Other,61,15923,42129,PA,2022-03-21,3.336677025067781
Female,Other,35,15906,42021,PA,2022-03-21,10.43718871597434
Male,White,3,15922,42021,PA,2022-03-21,2.074578663776208
Male,Black,82,15905,42021,PA,2022-03-21,6.137618288913347
Female,White,24,15906,42021,PA,2022-03-21,15.767966958814814
Female,White,40,15909,42021,PA,2022-03-21,7.570964208152884
Male,Black,53,15909,42021,PA,2022-03-21,-4.915886184841957
Male,White,6,15907,42021,PA,2022-03-21,-0.8850700297318737
Male,Other,20,15921,42021,PA,2022-03-21,-5.4013416190826815
Female,Other,95,15904,42021,PA,2022-03-21,12.729601074287991
Male,Other,71,15909,42021,PA,2022-03-21,-8.713616054548794
Female,Other,18,15905,42021,PA,2022-03-21,9.801881489982245
Male,Other,36,15920,42063,PA,2022-03-21,7.0923194384241395
